ntracks_iso,ntracks_total,frac_kept
10,1840,0.005434782608695652
2,1840,0.0010869565217391304
4,1840,0.002173913043478261
3,1840,0.0016304347826086956
12,2289,0.005242463958060288
6,2289,0.002621231979030144
5,2289,0.00218435998252512
5,2289,0.00218435998252512
9,2289,0.003931847968545216
4,2289,0.0017474879860200961
8,2289,0.0034949759720401923
7,2289,0.0030581039755351682
5,2289,0.00218435998252512
5,1560,0.003205128205128205
8,1560,0.005128205128205128
0,1560,0.0
1,1560,0.000641025641025641
9,1560,0.0057692307692307696
3,1603,0.0018714909544603868
9,1603,0.0056144728633811605
13,1061,0.012252591894439209
2,1061,0.001885014137606032
13,1897,0.006852925672113864
3,1897,0.0015814443858724301
4,1897,0.0021085925144965737
9,1897,0.004744333157617291
7,1897,0.0036900369003690036
13,1729,0.007518796992481203
8,1729,0.004626951995373048
3,1729,0.001735106998264893
8,1729,0.004626951995373048
3,1729,0.001735106998264893
7,1729,0.004048582995951417
6,1858,0.0032292787944025836
11,1858,0.005920344456404736
11,1858,0.005920344456404736
3,1858,0.0016146393972012918
5,1858,0.002691065662002153
6,1858,0.0032292787944025836
11,1915,0.005744125326370757
6,1915,0.003133159268929504
6,1915,0.003133159268929504
10,1297,0.007710100231303007
5,1297,0.0038550501156515036
7,1297,0.005397070161912105
17,2375,0.007157894736842105
11,2375,0.0046315789473684215
5,2375,0.002105263157894737
7,2375,0.0029473684210526317
11,2375,0.0046315789473684215
3,2375,0.0012631578947368421
3,2375,0.0012631578947368421
2,2375,0.0008421052631578948
3,2375,0.0012631578947368421
9,1608,0.005597014925373134
14,1608,0.008706467661691543
8,1608,0.004975124378109453
6,1608,0.0037313432835820895
6,1608,0.0037313432835820895
11,1608,0.006840796019900498
0,1608,0.0
3,1885,0.0015915119363395225
11,1885,0.005835543766578249
5,1885,0.002652519893899204
8,1885,0.004244031830238726
0,1885,0.0
12,1557,0.007707129094412331
8,1557,0.005138086062941554
7,1557,0.00449582530507386
5,1708,0.002927400468384075
10,1042,0.009596928982725527
7,1042,0.0067178502879078695
13,2619,0.004963726613211149
6,2619,0.002290950744558992
8,2619,0.0030546009927453228
5,2619,0.0019091256204658267
5,2619,0.0019091256204658267
12,2619,0.004581901489117984
7,2619,0.002672775868652157
2,2619,0.0007636502481863307
6,2619,0.002290950744558992
7,2619,0.002672775868652157
9,2619,0.003436426116838488
9,2619,0.003436426116838488
7,2619,0.002672775868652157
6,2619,0.002290950744558992
8,2619,0.0030546009927453228
6,2619,0.002290950744558992
7,2619,0.002672775868652157
3,2619,0.001145475372279496
7,2619,0.002672775868652157
7,2619,0.002672775868652157
7,2619,0.002672775868652157
7,2619,0.002672775868652157
5,2619,0.0019091256204658267
5,2619,0.0019091256204658267
9,2619,0.003436426116838488
9,1622,0.005548705302096177
11,1622,0.006781750924784217
13,1622,0.008014796547472256
6,2292,0.002617801047120419
10,2292,0.004363001745200698
8,2292,0.0034904013961605585
10,2292,0.004363001745200698
13,2292,0.005671902268760907
11,2292,0.004799301919720768
9,2292,0.003926701570680628
8,2292,0.0034904013961605585
7,2292,0.0030541012216404886
4,2292,0.0017452006980802793
5,2292,0.002181500872600349
10,2292,0.004363001745200698
4,2292,0.0017452006980802793
6,2292,0.002617801047120419
7,2292,0.0030541012216404886
9,1805,0.004986149584487534
11,1805,0.006094182825484765
7,1805,0.003878116343490305
10,1805,0.00554016620498615
6,1805,0.0033240997229916896
3,1805,0.0016620498614958448
9,1805,0.004986149584487534
6,1805,0.0033240997229916896
4,1805,0.00221606648199446
11,1800,0.006111111111111111
5,1800,0.002777777777777778
8,1800,0.0044444444444444444
5,1791,0.0027917364600781687
5,1791,0.0027917364600781687
8,1791,0.00446677833612507
6,1791,0.0033500837520938024
10,1791,0.005583472920156337
4,1791,0.002233389168062535
4,1791,0.002233389168062535
1,1791,0.0005583472920156337
3,1791,0.0016750418760469012
2,1791,0.0011166945840312675
6,1791,0.0033500837520938024
3,1791,0.0016750418760469012
2,1791,0.0011166945840312675
4,1791,0.002233389168062535
3,1791,0.0016750418760469012
1,1791,0.0005583472920156337
5,1791,0.0027917364600781687
11,1394,0.007890961262553802
5,1394,0.003586800573888092
3,1467,0.002044989775051125
10,1467,0.006816632583503749
7,1467,0.004771642808452625
12,1967,0.006100660904931368
6,1967,0.003050330452465684
8,1967,0.004067107269954245
7,1967,0.0035587188612099642
8,1967,0.004067107269954245
9,2238,0.004021447721179625
9,2238,0.004021447721179625
5,2238,0.002234137622877569
4,2238,0.0017873100983020554
5,2238,0.002234137622877569
6,2238,0.002680965147453083
7,2238,0.003127792672028597
4,2238,0.0017873100983020554
8,2238,0.0035746201966041107
5,2238,0.002234137622877569
3,2238,0.0013404825737265416
4,2238,0.0017873100983020554
4,2238,0.0017873100983020554
2,2238,0.0008936550491510277
3,2238,0.0013404825737265416
3,2238,0.0013404825737265416
4,2238,0.0017873100983020554
6,2238,0.002680965147453083
3,2238,0.0013404825737265416
5,2238,0.002234137622877569
3,2238,0.0013404825737265416
6,2238,0.002680965147453083
4,2238,0.0017873100983020554
6,2238,0.002680965147453083
4,2238,0.0017873100983020554
6,2238,0.002680965147453083
4,2238,0.0017873100983020554
4,1866,0.0021436227224008574
5,1866,0.0026795284030010718
5,1866,0.0026795284030010718
9,1866,0.00482315112540193
8,1866,0.004287245444801715
1,1866,0.0005359056806002144
6,1866,0.003215434083601286
5,1866,0.0026795284030010718
9,1866,0.00482315112540193
6,1795,0.003342618384401114
10,1524,0.006561679790026247
3,1524,0.001968503937007874
8,1524,0.005249343832020997
6,1524,0.003937007874015748
7,1524,0.004593175853018373
4,1524,0.0026246719160104987
12,1432,0.008379888268156424
7,1432,0.004888268156424581
7,1432,0.004888268156424581
7,1432,0.004888268156424581
6,1432,0.004189944134078212
13,2015,0.0064516129032258064
6,2015,0.002977667493796526
10,2015,0.004962779156327543
5,2015,0.0024813895781637717
7,2015,0.0034739454094292804
3,2015,0.001488833746898263
4,2015,0.0019851116625310174
6,2015,0.002977667493796526
1,2015,0.0004962779156327543
3,2015,0.001488833746898263
6,2015,0.002977667493796526
2,2015,0.0009925558312655087
5,2015,0.0024813895781637717
6,2015,0.002977667493796526
7,2015,0.0034739454094292804
0,2015,0.0
9,2015,0.004466501240694789
11,1841,0.005975013579576317
10,1841,0.005431830526887561
11,1841,0.005975013579576317
6,1841,0.0032590983161325366
3,1297,0.002313030069390902
6,1297,0.004626060138781804
5,1297,0.0038550501156515036
7,1683,0.0041592394533571005
10,1683,0.0059417706476530005
3,1683,0.0017825311942959
6,1683,0.0035650623885918
3,1683,0.0017825311942959
6,1683,0.0035650623885918
4,1683,0.0023767082590612004
5,1683,0.0029708853238265003
5,1553,0.003219575016097875
4,1553,0.0025756600128783
18,1553,0.01159047005795235
8,1553,0.0051513200257566
6,1553,0.0038634900193174502
12,2570,0.004669260700389105
9,2570,0.003501945525291829
7,2570,0.002723735408560311
9,2570,0.003501945525291829
5,2570,0.0019455252918287938
5,2570,0.0019455252918287938
7,2570,0.002723735408560311
6,2570,0.0023346303501945525
14,2570,0.005447470817120622
6,2570,0.0023346303501945525
8,2570,0.0031128404669260703
4,2570,0.0015564202334630351
9,2082,0.004322766570605188
7,2082,0.0033621517771373678
5,2082,0.0024015369836695487
5,2082,0.0024015369836695487
6,1767,0.003395585738539898
4,1767,0.0022637238256932655
12,1767,0.006791171477079796
9,1767,0.0050933786078098476
5,1767,0.0028296547821165816
1,1767,0.0005659309564233164
6,1767,0.003395585738539898
12,2090,0.005741626794258373
5,2090,0.0023923444976076554
9,2090,0.00430622009569378
6,2090,0.0028708133971291866
5,2090,0.0023923444976076554
9,2090,0.00430622009569378
9,2090,0.00430622009569378
7,2090,0.0033492822966507177
5,2090,0.0023923444976076554
4,2090,0.0019138755980861245
4,2090,0.0019138755980861245
9,2090,0.00430622009569378
5,2090,0.0023923444976076554
1,2090,0.0004784688995215311
7,2222,0.0031503150315031502
16,2222,0.0072007200720072
4,2222,0.0018001800180018
3,2222,0.0013501350135013501
4,2222,0.0018001800180018
1,2222,0.00045004500450045
7,2222,0.0031503150315031502
5,2222,0.0022502250225022503
6,2222,0.0027002700270027003
5,2222,0.0022502250225022503
5,2222,0.0022502250225022503
4,2222,0.0018001800180018
4,2222,0.0018001800180018
3,2222,0.0013501350135013501
2,2222,0.0009000900090009
3,2222,0.0013501350135013501
4,2222,0.0018001800180018
8,2222,0.0036003600360036
3,2222,0.0013501350135013501
7,2222,0.0031503150315031502
8,2222,0.0036003600360036
8,2222,0.0036003600360036
5,1648,0.003033980582524272
5,1648,0.003033980582524272
6,1648,0.0036407766990291263
16,1673,0.009563658099222952
4,1673,0.002390914524805738
3,1673,0.0017931858936043037
5,1673,0.002988643156007173
7,1504,0.004654255319148936
8,1504,0.005319148936170213
7,1504,0.004654255319148936
5,1504,0.003324468085106383
2,1147,0.0017436791630340018
7,1147,0.006102877070619006
8,1147,0.006974716652136007
6,1147,0.0052310374891020054
4,1147,0.0034873583260680036
5,1147,0.004359197907585004
5,1147,0.004359197907585004
5,1663,0.003006614552014432
6,1663,0.0036079374624173183
11,1663,0.00661455201443175
9,1663,0.005411906193625977
6,1663,0.0036079374624173183
5,1663,0.003006614552014432
8,1663,0.004810583283223091
14,2068,0.006769825918762089
12,2068,0.005802707930367505
10,2068,0.004835589941972921
3,2068,0.0014506769825918763
7,2068,0.0033849129593810446
3,2068,0.0014506769825918763
6,2068,0.0029013539651837525
3,2068,0.0014506769825918763
10,2068,0.004835589941972921
2,2068,0.0009671179883945841
0,2068,0.0
3,2068,0.0014506769825918763
2,2068,0.0009671179883945841
3,2068,0.0014506769825918763
7,2068,0.0033849129593810446
4,2068,0.0019342359767891683
6,2068,0.0029013539651837525
6,2068,0.0029013539651837525
2,2068,0.0009671179883945841
3,2068,0.0014506769825918763
6,2068,0.0029013539651837525
5,2068,0.0024177949709864605
5,2068,0.0024177949709864605
6,2068,0.0029013539651837525
11,1910,0.005759162303664921
9,1910,0.004712041884816754
4,1910,0.0020942408376963353
6,1910,0.0031413612565445027
8,1910,0.004188481675392671
4,1910,0.0020942408376963353
7,1910,0.0036649214659685864
9,1854,0.0048543689320388345
13,1854,0.007011866235167206
11,1854,0.005933117583603021
6,1854,0.003236245954692557
1,1854,0.0005393743257820927
4,1854,0.002157497303128371
4,1854,0.002157497303128371
3,1854,0.0016181229773462784
8,966,0.008281573498964804
6,966,0.006211180124223602
5,1817,0.00275178866263071
10,1817,0.00550357732526142
4,1817,0.002201430930104568
2,1817,0.001100715465052284
5,1817,0.00275178866263071
5,1817,0.00275178866263071
7,1817,0.003852504127682994
3,1817,0.001651073197578426
4,1817,0.002201430930104568
5,1817,0.00275178866263071
4,1817,0.002201430930104568
3,1817,0.001651073197578426
3,1817,0.001651073197578426
23,1248,0.01842948717948718
4,1248,0.003205128205128205
8,1248,0.00641025641025641
5,1248,0.004006410256410256
8,2197,0.0036413290851160674
7,2197,0.0031861629494765588
6,2197,0.0027309968138370506
5,2197,0.002275830678197542
5,2197,0.002275830678197542
6,2197,0.0027309968138370506
4,2197,0.0018206645425580337
5,2197,0.002275830678197542
2,1811,0.0011043622308117063
12,1811,0.006626173384870237
8,1811,0.004417448923246825
10,1811,0.005521811154058531
1,1811,0.0005521811154058532
5,1811,0.0027609055770292656
4,1811,0.0022087244616234127
9,1811,0.004969630038652678
3,1811,0.0016565433462175593
6,1811,0.0033130866924351186
2,1811,0.0011043622308117063
6,1811,0.0033130866924351186
8,1343,0.005956813104988831
6,1343,0.004467609828741623
13,2189,0.005938784833257195
5,2189,0.0022841480127912287
10,2189,0.0045682960255824575
4,2189,0.001827318410232983
5,2189,0.0022841480127912287
3,2189,0.0013704888076747374
10,2189,0.0045682960255824575
5,2189,0.0022841480127912287
4,2189,0.001827318410232983
5,2189,0.0022841480127912287
6,2189,0.002740977615349475
11,1769,0.006218202374222725
11,1769,0.006218202374222725
9,1769,0.005087620124364048
6,1769,0.0033917467495760316
2,1769,0.0011305822498586771
4,1769,0.0022611644997173543
6,1237,0.004850444624090542
5,1237,0.004042037186742118
5,1237,0.004042037186742118
7,1237,0.005658852061438965
5,1538,0.003250975292587776
10,1538,0.006501950585175552
4,1238,0.0032310177705977385
8,1238,0.006462035541195477
7,1238,0.005654281098546042
2,1238,0.0016155088852988692
7,2145,0.0032634032634032634
8,2145,0.0037296037296037296
9,2145,0.004195804195804196
11,2145,0.005128205128205128
6,2145,0.002797202797202797
7,2145,0.0032634032634032634
5,2145,0.002331002331002331
3,2145,0.0013986013986013986
4,2145,0.0018648018648018648
5,2145,0.002331002331002331
6,2145,0.002797202797202797
4,2145,0.0018648018648018648
12,1374,0.008733624454148471
9,1374,0.006550218340611353
4,1374,0.002911208151382824
9,1374,0.006550218340611353
7,1374,0.005094614264919942
5,1648,0.003033980582524272
13,1648,0.007888349514563107
5,1648,0.003033980582524272
8,1648,0.0048543689320388345
18,2421,0.007434944237918215
7,2421,0.0028913672036348617
11,2421,0.004543577034283354
7,2421,0.0028913672036348617
14,2421,0.0057827344072697235
8,2421,0.003304419661296985
9,2421,0.0037174721189591076
2,2421,0.0008261049153242462
5,2421,0.0020652622883106154
7,2421,0.0028913672036348617
7,1883,0.0037174721189591076
7,1883,0.0037174721189591076
3,1883,0.0015932023366967605
0,1883,0.0
4,1883,0.002124269782262347
7,1883,0.0037174721189591076
4,1029,0.003887269193391642
9,2147,0.004191895668374476
8,2147,0.0037261294829995344
8,2147,0.0037261294829995344
7,2147,0.0032603632976245926
3,2147,0.0013972985561248254
4,2147,0.0018630647414997672
14,2147,0.006520726595249185
7,2147,0.0032603632976245926
6,2147,0.0027945971122496508
5,2147,0.002328830926874709
8,2147,0.0037261294829995344
7,2147,0.0032603632976245926
2,2147,0.0009315323707498836
10,1607,0.006222775357809583
7,1607,0.0043559427504667085
8,1607,0.004978220286247666
6,1607,0.00373366521468575
13,1610,0.008074534161490683
4,1610,0.002484472049689441
9,1610,0.0055900621118012426
5,1610,0.003105590062111801
4,1610,0.002484472049689441
6,1610,0.0037267080745341614
11,1685,0.006528189910979229
3,1685,0.0017804154302670622
6,1685,0.0035608308605341245
6,1685,0.0035608308605341245
3,1685,0.0017804154302670622
7,1685,0.004154302670623145
10,2012,0.004970178926441352
0,2012,0.0
4,2012,0.0019880715705765406
5,1628,0.003071253071253071
10,1628,0.006142506142506142
7,1628,0.0042997542997543
14,1427,0.009810791871058164
8,1427,0.005606166783461808
7,1427,0.004905395935529082
6,1427,0.004204625087596356
11,1580,0.006962025316455696
5,1580,0.0031645569620253164
13,1633,0.007960808328230252
3,1633,0.001837109614206981
7,1633,0.004286589099816289
9,1633,0.005511328842620943
7,1633,0.004286589099816289
5,1633,0.003061849357011635
5,1633,0.003061849357011635
3,1633,0.001837109614206981
5,1633,0.003061849357011635
5,1633,0.003061849357011635
4,1646,0.002430133657351154
5,1646,0.003037667071688943
17,1922,0.008844953173777315
5,1922,0.0026014568158168575
1,1922,0.0005202913631633715
6,1922,0.003121748178980229
5,1922,0.0026014568158168575
10,1579,0.006333122229259025
5,1579,0.0031665611146295125
8,1579,0.00506649778340722
13,1883,0.006903876792352629
11,1883,0.005841741901221455
5,1883,0.0026553372278279343
4,1883,0.002124269782262347
8,1883,0.004248539564524694
4,1883,0.002124269782262347
10,1883,0.0053106744556558685
7,1883,0.0037174721189591076
7,1827,0.0038314176245210726
14,1827,0.007662835249042145
8,1827,0.004378762999452655
5,1827,0.002736726874657909
5,1827,0.002736726874657909
4,1827,0.0021893814997263274
3,1827,0.0016420361247947454
11,1847,0.005955603681645912
5,1847,0.0027070925825663237
13,1847,0.007038440714672442
10,1847,0.005414185165132647
5,1847,0.0027070925825663237
13,1847,0.007038440714672442
3,1847,0.0016242555495397943
3,1847,0.0016242555495397943
0,1847,0.0
12,1967,0.006100660904931368
7,1967,0.0035587188612099642
10,1967,0.005083884087442806
7,1967,0.0035587188612099642
2,1967,0.0010167768174885613
2,1967,0.0010167768174885613
16,2028,0.007889546351084813
10,2028,0.004930966469428008
5,2028,0.002465483234714004
12,2028,0.005917159763313609
7,2028,0.0034516765285996054
3,2028,0.0014792899408284023
4,2028,0.0019723865877712033
8,2028,0.0039447731755424065
7,2028,0.0034516765285996054
9,1575,0.005714285714285714
13,1575,0.008253968253968255
5,1575,0.0031746031746031746
9,1575,0.005714285714285714
8,1635,0.004892966360856269
5,1635,0.0030581039755351682
10,1635,0.0061162079510703364
6,1635,0.003669724770642202
11,1635,0.00672782874617737
8,1635,0.004892966360856269
2,1691,0.0011827321111768185
10,1691,0.0059136605558840925
11,1691,0.006505026611472502
6,1691,0.0035481963335304554
7,1691,0.004139562389118865
9,2056,0.004377431906614786
4,2056,0.0019455252918287938
1,2056,0.00048638132295719845
9,2056,0.004377431906614786
5,2056,0.0024319066147859923
8,2056,0.0038910505836575876
5,2056,0.0024319066147859923
4,2056,0.0019455252918287938
6,2056,0.0029182879377431907
5,2056,0.0024319066147859923
1,2056,0.00048638132295719845
9,2095,0.0042959427207637235
7,2095,0.003341288782816229
17,2095,0.008114558472553698
5,2095,0.002386634844868735
3,2095,0.001431980906921241
4,2095,0.0019093078758949881
5,1789,0.002794857462269424
3,1789,0.0016769144773616546
5,1789,0.002794857462269424
9,1774,0.005073280721533258
6,1774,0.0033821871476888386
12,1774,0.006764374295377677
11,1774,0.0062006764374295375
2,1774,0.0011273957158962795
4,1774,0.002254791431792559
13,2100,0.006190476190476191
12,2100,0.005714285714285714
8,2100,0.0038095238095238095
6,2100,0.002857142857142857
9,2100,0.004285714285714286
8,2100,0.0038095238095238095
6,2100,0.002857142857142857
4,2100,0.0019047619047619048
3,2100,0.0014285714285714286
9,2100,0.004285714285714286
5,2100,0.002380952380952381
3,2100,0.0014285714285714286
5,2100,0.002380952380952381
14,2215,0.006320541760722348
12,2215,0.005417607223476298
7,2215,0.003160270880361174
11,2215,0.004966139954853273
7,2215,0.003160270880361174
6,2215,0.002708803611738149
4,2215,0.0018058690744920992
7,2215,0.003160270880361174
6,2215,0.002708803611738149
4,2215,0.0018058690744920992
6,2215,0.002708803611738149
6,2215,0.002708803611738149
3,2215,0.0013544018058690745
7,2215,0.003160270880361174
9,2215,0.004063205417607223
1,2215,0.0004514672686230248
7,2215,0.003160270880361174
8,2215,0.0036117381489841984
4,2215,0.0018058690744920992
6,2215,0.002708803611738149
1,2215,0.0004514672686230248
10,2215,0.004514672686230248
4,2215,0.0018058690744920992
8,2215,0.0036117381489841984
11,2023,0.005437469105289174
7,2023,0.0034602076124567475
3,2023,0.0014829461196243204
3,2023,0.0014829461196243204
9,2023,0.004448838358872961
2,2023,0.0009886307464162135
8,2023,0.003954522985664854
5,1443,0.003465003465003465
7,1443,0.004851004851004851
3,1443,0.002079002079002079
12,1443,0.008316008316008316
10,1443,0.00693000693000693
5,1443,0.003465003465003465
5,1443,0.003465003465003465
2,1443,0.001386001386001386
15,1756,0.008542141230068337
7,1756,0.003986332574031891
5,1756,0.0028473804100227792
4,1756,0.002277904328018223
9,1756,0.005125284738041002
3,1756,0.0017084282460136675
6,1756,0.003416856492027335
10,1756,0.0056947608200455585
12,1578,0.0076045627376425855
7,1578,0.004435994930291508
10,1578,0.0063371356147021544
11,1578,0.00697084917617237
5,1578,0.0031685678073510772
2,1597,0.0012523481527864746
12,1597,0.007514088916718848
6,1597,0.003757044458359424
2,1597,0.0012523481527864746
5,1597,0.0031308703819661866
6,1597,0.003757044458359424
5,1597,0.0031308703819661866
8,1766,0.004530011325028313
8,1766,0.004530011325028313
12,1766,0.006795016987542469
6,1766,0.0033975084937712344
8,1766,0.004530011325028313
13,1613,0.008059516429014259
6,1613,0.0037197768133911966
4,1613,0.0024798512089274642
1,1613,0.0006199628022318661
5,1613,0.0030998140111593306
6,1613,0.0037197768133911966
4,1613,0.0024798512089274642
2,1613,0.0012399256044637321
2,1613,0.0012399256044637321
2,1613,0.0012399256044637321
4,2059,0.001942690626517727
4,2059,0.001942690626517727
5,2059,0.0024283632831471587
4,2059,0.001942690626517727
4,2059,0.001942690626517727
2,2059,0.0009713453132588635
4,2059,0.001942690626517727
5,2059,0.0024283632831471587
7,2059,0.003399708596406022
2,2059,0.0009713453132588635
5,2059,0.0024283632831471587
4,2059,0.001942690626517727
8,2059,0.003885381253035454
4,2059,0.001942690626517727
5,2059,0.0024283632831471587
6,2059,0.0029140359397765905
16,1987,0.00805234021137393
4,1987,0.0020130850528434826
6,1987,0.003019627579265224
7,1987,0.0035228988424760945
5,1987,0.0025163563160543532
2,1987,0.0010065425264217413
8,2209,0.0036215482118605704
23,2209,0.01041195110909914
12,2209,0.005432322317790856
8,2209,0.0036215482118605704
11,2209,0.004979628791308284
2,2209,0.0009053870529651426
6,2209,0.002716161158895428
5,2209,0.0022634676324128564
5,2209,0.0022634676324128564
1,2209,0.0004526935264825713
9,2209,0.004074241738343142
3,2209,0.001358080579447714
4,2209,0.0018107741059302852
0,2209,0.0
7,2209,0.003168854685377999
2,2209,0.0009053870529651426
13,1839,0.0070690592713431215
4,1839,0.002175095160413268
9,1839,0.004893964110929853
5,1839,0.0027188689505165853
5,1839,0.0027188689505165853
5,1839,0.0027188689505165853
5,1839,0.0027188689505165853
5,1839,0.0027188689505165853
7,1918,0.0036496350364963502
16,1918,0.008342022940563087
11,1918,0.005735140771637122
3,1918,0.0015641293013555788
10,1918,0.005213764337851929
4,1918,0.0020855057351407717
9,1918,0.0046923879040667365
9,1652,0.005447941888619854
10,1652,0.006053268765133172
4,1652,0.002421307506053269
3,1652,0.0018159806295399517
6,1084,0.005535055350553505
6,1084,0.005535055350553505
3,1084,0.0027675276752767526
5,1084,0.004612546125461255
8,1084,0.007380073800738007
12,1488,0.008064516129032258
4,1488,0.002688172043010753
2,1488,0.0013440860215053765
16,1813,0.00882515168229454
10,1813,0.005515719801434087
9,1667,0.005398920215956809
3,1667,0.001799640071985603
5,1667,0.002999400119976005
5,1667,0.002999400119976005
2,1667,0.0011997600479904018
7,1667,0.004199160167966407
6,1667,0.003599280143971206
3,1667,0.001799640071985603
5,1667,0.002999400119976005
9,1579,0.005699810006333122
4,1579,0.00253324889170361
4,1579,0.00253324889170361
7,1716,0.004079254079254079
7,1716,0.004079254079254079
5,1716,0.002913752913752914
10,1716,0.005827505827505828
4,1716,0.002331002331002331
11,1987,0.0055359838953195776
7,1987,0.0035228988424760945
9,1987,0.004529441368897836
15,2296,0.006533101045296167
14,2296,0.006097560975609756
12,2296,0.005226480836236934
8,2296,0.003484320557491289
13,2296,0.005662020905923345
6,2296,0.002613240418118467
7,2296,0.003048780487804878
5,2296,0.0021777003484320556
12,2296,0.005226480836236934
4,2296,0.0017421602787456446
3,2296,0.0013066202090592336
3,2296,0.0013066202090592336
11,2185,0.005034324942791762
9,2185,0.004118993135011442
4,2185,0.0018306636155606408
8,2185,0.0036613272311212816
4,2185,0.0018306636155606408
10,2185,0.004576659038901602
7,2185,0.003203661327231121
5,2185,0.002288329519450801
6,2185,0.002745995423340961
7,2185,0.003203661327231121
5,2185,0.002288329519450801
3,2185,0.0013729977116704805
9,2185,0.004118993135011442
4,2185,0.0018306636155606408
6,2185,0.002745995423340961
8,2185,0.0036613272311212816
6,2185,0.002745995423340961
17,2111,0.008053055423969682
11,2111,0.005210800568450971
5,2111,0.0023685457129322598
6,2111,0.0028422548555187117
14,2111,0.006631927996210327
6,2111,0.0028422548555187117
10,2111,0.0047370914258645196
8,2111,0.0037896731406916154
8,2111,0.0037896731406916154
7,2111,0.0033159639981051635
10,2111,0.0047370914258645196
2,2111,0.0009474182851729038
7,2111,0.0033159639981051635
3,1228,0.0024429967426710096
11,1228,0.008957654723127036
11,1228,0.008957654723127036
5,1228,0.004071661237785016
12,1960,0.006122448979591836
4,1960,0.0020408163265306124
11,1960,0.005612244897959183
7,1960,0.0035714285714285713
6,1960,0.003061224489795918
5,1960,0.002551020408163265
6,1960,0.003061224489795918
7,1960,0.0035714285714285713
3,1960,0.001530612244897959
7,1960,0.0035714285714285713
4,1960,0.0020408163265306124
8,1960,0.004081632653061225
2,1960,0.0010204081632653062
4,1960,0.0020408163265306124
7,1960,0.0035714285714285713
3,1960,0.001530612244897959
7,1960,0.0035714285714285713
6,1991,0.0030135610246107484
8,1991,0.004018081366147665
4,1991,0.0020090406830738324
2,1991,0.0010045203415369162
8,1991,0.004018081366147665
5,1991,0.0025113008538422904
3,1991,0.0015067805123053742
5,1991,0.0025113008538422904
5,1991,0.0025113008538422904
1,1991,0.0005022601707684581
6,1991,0.0030135610246107484
4,1991,0.0020090406830738324
0,1991,0.0
10,1991,0.005022601707684581
7,1991,0.0035158211953792064
15,1677,0.008944543828264758
3,1677,0.0017889087656529517
6,1677,0.0035778175313059034
6,1677,0.0035778175313059034
5,1653,0.0030248033877797943
10,1653,0.006049606775559589
9,1653,0.0054446460980036296
5,1653,0.0030248033877797943
7,1653,0.004234724742891712
5,1653,0.0030248033877797943
19,1880,0.010106382978723405
9,1880,0.0047872340425531915
7,1880,0.003723404255319149
6,1880,0.0031914893617021275
3,1880,0.0015957446808510637
5,1880,0.0026595744680851063
6,1880,0.0031914893617021275
0,1880,0.0
5,1880,0.0026595744680851063
4,1880,0.002127659574468085
9,1880,0.0047872340425531915
13,2141,0.006071929005137786
8,2141,0.0037365716954694066
8,2141,0.0037365716954694066
13,2141,0.006071929005137786
2,2141,0.0009341429238673517
8,2141,0.0037365716954694066
8,2141,0.0037365716954694066
7,2141,0.003269500233535731
12,2141,0.005604857543204111
9,2141,0.004203643157403083
10,2141,0.004670714619336758
2,2141,0.0009341429238673517
5,2141,0.002335357309668379
2,2141,0.0009341429238673517
8,1741,0.004595060310166571
6,1741,0.0034462952326249283
7,1741,0.00402067777139575
5,1741,0.002871912693854107
7,1741,0.00402067777139575
9,1667,0.005398920215956809
11,1667,0.0065986802639472104
9,1667,0.005398920215956809
12,1754,0.0068415051311288486
9,1754,0.005131128848346636
7,1754,0.003990877993158495
7,1754,0.003990877993158495
4,1754,0.002280501710376283
3,1754,0.0017103762827822121
21,1328,0.01581325301204819
4,1328,0.0030120481927710845
11,1328,0.008283132530120483
4,1328,0.0030120481927710845
11,1328,0.008283132530120483
10,2254,0.0044365572315882874
9,2254,0.003992901508429458
12,2254,0.005323868677905945
13,2254,0.005767524401064774
5,2254,0.0022182786157941437
5,2254,0.0022182786157941437
15,2254,0.006654835847382431
7,2254,0.003105590062111801
3,2254,0.0013309671694764862
8,2254,0.00354924578527063
9,2254,0.003992901508429458
6,2254,0.0026619343389529724
4,2254,0.001774622892635315
7,2254,0.003105590062111801
5,2254,0.0022182786157941437
2,2254,0.0008873114463176575
5,2254,0.0022182786157941437
4,2254,0.001774622892635315
6,2254,0.0026619343389529724
1,2254,0.00044365572315882877
4,2254,0.001774622892635315
5,1809,0.002763957987838585
6,1809,0.003316749585406302
5,1809,0.002763957987838585
12,1809,0.006633499170812604
2,1809,0.001105583195135434
7,1809,0.003869541182974019
5,1809,0.002763957987838585
15,1785,0.008403361344537815
5,1785,0.0028011204481792717
12,1785,0.0067226890756302525
6,1785,0.0033613445378151263
6,1785,0.0033613445378151263
11,1556,0.007069408740359897
5,1556,0.003213367609254499
3,1556,0.0019280205655526992
8,1556,0.005141388174807198
13,1454,0.008940852819807428
9,1454,0.006189821182943604
6,1454,0.0041265474552957355
2,1454,0.001375515818431912
12,1454,0.008253094910591471
3,1454,0.0020632737276478678
10,1454,0.0068775790921595595
13,1477,0.008801624915368992
14,1477,0.009478672985781991
3,1477,0.002031144211238998
5,1623,0.0030807147258163892
13,1623,0.008009858287122612
2,1623,0.0012322858903265558
9,1623,0.005545286506469501
9,1623,0.005545286506469501
2,1444,0.0013850415512465374
6,1444,0.004155124653739612
10,1444,0.006925207756232687
2,1444,0.0013850415512465374
8,1673,0.004781829049611476
6,1673,0.0035863717872086074
7,1673,0.0041841004184100415
2,1673,0.001195457262402869
3,1673,0.0017931858936043037
8,1673,0.004781829049611476
4,1499,0.00266844563042028
13,1499,0.00867244829886591
6,1499,0.004002668445630421
10,1499,0.0066711140760507
10,1499,0.0066711140760507
6,1499,0.004002668445630421
6,1499,0.004002668445630421
6,1499,0.004002668445630421
5,1499,0.00333555703802535
2,1499,0.00133422281521014
8,1794,0.004459308807134894
6,1794,0.0033444816053511705
11,1794,0.006131549609810479
6,1794,0.0033444816053511705
12,2051,0.005850804485616773
8,2051,0.0039005363237445147
9,2051,0.004388103364212579
2,2051,0.0009751340809361287
7,2051,0.0034129692832764505
5,1450,0.0034482758620689655
10,1450,0.006896551724137931
7,1450,0.004827586206896552
9,1235,0.0072874493927125505
12,1235,0.009716599190283401
5,1235,0.004048582995951417
9,1235,0.0072874493927125505
3,1235,0.0024291497975708503
5,1235,0.004048582995951417
4,1235,0.0032388663967611335
1,1235,0.0008097165991902834
2,1235,0.0016194331983805667
3,1235,0.0024291497975708503
13,853,0.015240328253223915
5,853,0.005861664712778429
0,853,0.0
12,1431,0.008385744234800839
11,1431,0.007686932215234102
7,1934,0.0036194415718717684
6,1934,0.0031023784901758012
7,1934,0.0036194415718717684
4,1934,0.002068252326783868
13,2025,0.006419753086419753
7,2025,0.0034567901234567903
9,2025,0.0044444444444444444
10,2025,0.0049382716049382715
10,2025,0.0049382716049382715
2,2025,0.0009876543209876543
4,2025,0.0019753086419753087
5,2025,0.0024691358024691358
7,2025,0.0034567901234567903
3,2025,0.0014814814814814814
5,2025,0.0024691358024691358
3,2025,0.0014814814814814814
3,1380,0.002173913043478261
4,1380,0.002898550724637681
16,2260,0.007079646017699115
3,2260,0.001327433628318584
10,2014,0.004965243296921549
6,2014,0.0029791459781529296
14,2014,0.006951340615690168
7,2014,0.003475670307845084
8,2014,0.003972194637537239
6,2014,0.0029791459781529296
3,2014,0.0014895729890764648
3,2014,0.0014895729890764648
10,2014,0.004965243296921549
7,2014,0.003475670307845084
5,2014,0.0024826216484607746
5,2014,0.0024826216484607746
4,2014,0.0019860973187686196
6,2014,0.0029791459781529296
5,2014,0.0024826216484607746
8,2014,0.003972194637537239
6,2014,0.0029791459781529296
2,2014,0.0009930486593843098
14,1772,0.007900677200902935
5,1772,0.0028216704288939053
15,1772,0.008465011286681716
5,1772,0.0028216704288939053
2,1772,0.001128668171557562
14,1648,0.00849514563106796
13,1648,0.007888349514563107
3,1648,0.0018203883495145632
3,1648,0.0018203883495145632
2,1648,0.0012135922330097086
14,1730,0.008092485549132947
12,1730,0.006936416184971098
3,1730,0.0017341040462427746
6,1730,0.003468208092485549
3,1730,0.0017341040462427746
7,1730,0.004046242774566474
7,1730,0.004046242774566474
2,1730,0.0011560693641618498
12,1699,0.007062978222483814
11,1699,0.006474396703943496
4,1699,0.002354326074161271
2,1699,0.0011771630370806356
4,1699,0.002354326074161271
7,1699,0.004120070629782225
7,1699,0.004120070629782225
13,1699,0.007651559741024131
9,1505,0.005980066445182724
6,1505,0.003986710963455149
8,1505,0.0053156146179402
8,1505,0.0053156146179402
9,1505,0.005980066445182724
4,1505,0.0026578073089701
2,1505,0.00132890365448505
9,2072,0.004343629343629344
7,2072,0.0033783783783783786
8,2072,0.003861003861003861
2,2072,0.0009652509652509653
12,1981,0.006057546693589096
15,1981,0.00757193336698637
14,1981,0.007067137809187279
7,1981,0.0035335689045936395
6,1981,0.003028773346794548
6,1981,0.003028773346794548
15,2162,0.006938020351526364
11,2162,0.005087881591119334
13,2162,0.006012950971322849
5,2162,0.002312673450508788
5,2162,0.002312673450508788
10,2162,0.004625346901017576
5,2162,0.002312673450508788
4,1724,0.002320185614849188
7,1724,0.004060324825986079
6,1724,0.0034802784222737818
4,1724,0.002320185614849188
8,1724,0.004640371229698376
2,1724,0.001160092807424594
5,1724,0.002900232018561485
10,1991,0.005022601707684581
11,1991,0.0055248618784530384
10,1991,0.005022601707684581
8,1991,0.004018081366147665
6,1770,0.003389830508474576
19,1770,0.010734463276836158
4,1770,0.0022598870056497176
1,1770,0.0005649717514124294
14,2011,0.0069617105917454
5,2011,0.002486325211337643
2,2011,0.000994530084535057
8,1341,0.005965697240865026
11,1341,0.00820283370618941
13,1341,0.009694258016405667
4,1341,0.002982848620432513
8,1341,0.005965697240865026
5,1341,0.0037285607755406414
3,1341,0.0022371364653243847
9,1332,0.006756756756756757
12,1332,0.009009009009009009
8,1332,0.006006006006006006
3,1332,0.0022522522522522522
6,1332,0.0045045045045045045
8,1344,0.005952380952380952
9,1344,0.006696428571428571
8,1344,0.005952380952380952
7,1344,0.005208333333333333
7,1344,0.005208333333333333
9,1344,0.006696428571428571
8,1344,0.005952380952380952
15,1611,0.00931098696461825
7,1611,0.004345127250155183
3,1611,0.00186219739292365
5,1611,0.0031036623215394167
6,1904,0.0031512605042016808
5,1904,0.0026260504201680674
3,1904,0.0015756302521008404
11,1904,0.005777310924369748
5,1904,0.0026260504201680674
4,1904,0.0021008403361344537
1,1904,0.0005252100840336134
3,1904,0.0015756302521008404
6,1904,0.0031512605042016808
2,1904,0.0010504201680672268
7,1768,0.003959276018099547
10,1768,0.005656108597285068
6,1768,0.003393665158371041
3,1768,0.0016968325791855204
5,1768,0.002828054298642534
2,1768,0.0011312217194570137
4,1768,0.0022624434389140274
2,1768,0.0011312217194570137
3,1768,0.0016968325791855204
3,1768,0.0016968325791855204
7,1768,0.003959276018099547
6,1746,0.003436426116838488
10,1746,0.0057273768613974796
8,1746,0.004581901489117984
5,1746,0.0028636884306987398
6,1746,0.003436426116838488
2,1746,0.001145475372279496
7,1746,0.004009163802978236
13,1077,0.012070566388115135
7,1077,0.0064995357474466105
2,1077,0.0018570102135561746
17,1653,0.0102843315184513
7,1653,0.004234724742891712
11,1653,0.006654567453115548
14,1653,0.008469449485783424
3,1653,0.0018148820326678765
6,1653,0.003629764065335753
11,1653,0.006654567453115548
5,1653,0.0030248033877797943
3,1653,0.0018148820326678765
7,1153,0.006071118820468344
5,1153,0.004336513443191674
4,1153,0.003469210754553339
1,1153,0.0008673026886383347
5,1153,0.004336513443191674
10,1663,0.006013229104028864
14,1663,0.00841852074564041
7,1663,0.004209260372820205
6,1663,0.0036079374624173183
8,1974,0.004052684903748734
6,1974,0.00303951367781155
2,1974,0.0010131712259371835
17,1872,0.009081196581196582
8,1872,0.004273504273504274
4,1872,0.002136752136752137
9,1872,0.004807692307692308
9,1872,0.004807692307692308
3,1872,0.0016025641025641025
7,1872,0.0037393162393162395
6,1872,0.003205128205128205
7,1872,0.0037393162393162395
7,1872,0.0037393162393162395
1,1872,0.0005341880341880342
10,1416,0.007062146892655367
6,1416,0.00423728813559322
8,1416,0.005649717514124294
8,1416,0.005649717514124294
3,1416,0.00211864406779661
6,1671,0.003590664272890485
7,1671,0.004189108318372232
7,1671,0.004189108318372232
6,1671,0.003590664272890485
9,1671,0.005385996409335727
12,1341,0.008948545861297539
9,1341,0.006711409395973154
3,1341,0.0022371364653243847
12,1341,0.008948545861297539
3,1341,0.0022371364653243847
4,1175,0.003404255319148936
11,1175,0.009361702127659575
8,1175,0.006808510638297872
8,1175,0.006808510638297872
4,1661,0.002408187838651415
7,1661,0.004214328717639976
10,1661,0.006020469596628537
4,1661,0.002408187838651415
12,1661,0.007224563515954244
4,1661,0.002408187838651415
5,1661,0.0030102347983142685
11,1553,0.0070830650354153256
2,1553,0.00128783000643915
10,1553,0.00643915003219575
17,1233,0.013787510137875101
7,1233,0.0056772100567721
4,1233,0.0032441200324412004
22,1679,0.013103037522334724
7,1679,0.004169148302561048
6,1679,0.00357355568790947
9,1835,0.004904632152588556
7,1835,0.0038147138964577656
11,1835,0.005994550408719346
8,1835,0.004359673024523161
4,1835,0.0021798365122615805
3,1835,0.0016348773841961854
4,1835,0.0021798365122615805
5,1835,0.0027247956403269754
5,1835,0.0027247956403269754
8,1835,0.004359673024523161
17,2064,0.008236434108527133
8,2064,0.003875968992248062
8,2064,0.003875968992248062
6,2064,0.0029069767441860465
5,2064,0.0024224806201550387
4,2064,0.001937984496124031
7,2064,0.003391472868217054
11,2064,0.005329457364341085
6,2064,0.0029069767441860465
5,2064,0.0024224806201550387
7,2064,0.003391472868217054
2,2064,0.0009689922480620155
3,2064,0.0014534883720930232
17,1819,0.009345794392523364
10,1819,0.005497526113249038
8,1819,0.0043980208905992305
5,1819,0.002748763056624519
3,1819,0.0016492578339747114
0,1819,0.0
2,1819,0.0010995052226498076
5,1819,0.002748763056624519
7,1819,0.0038482682792743265
8,1819,0.0043980208905992305
5,1819,0.002748763056624519
2,1819,0.0010995052226498076
5,1819,0.002748763056624519
3,1819,0.0016492578339747114
5,1563,0.003198976327575176
1,1563,0.0006397952655150352
4,1563,0.0025591810620601407
5,1563,0.003198976327575176
5,1563,0.003198976327575176
6,1563,0.003838771593090211
1,1563,0.0006397952655150352
1,1563,0.0006397952655150352
3,1719,0.0017452006980802793
7,1719,0.004072134962187318
9,1719,0.005235602094240838
12,1719,0.006980802792321117
2,1719,0.0011634671320535194
5,1719,0.0029086678301337987
5,1719,0.0029086678301337987
9,1687,0.005334914048606995
6,1687,0.0035566093657379964
6,1687,0.0035566093657379964
6,1687,0.0035566093657379964
7,1687,0.004149377593360996
4,1687,0.0023710729104919974
4,1687,0.0023710729104919974
4,1687,0.0023710729104919974
5,1687,0.002963841138114997
2,1687,0.0011855364552459987
10,1844,0.005422993492407809
9,1844,0.004880694143167028
14,1844,0.007592190889370932
9,1844,0.004880694143167028
7,1587,0.004410838059231254
8,1587,0.005040957781978576
9,1587,0.005671077504725898
4,1587,0.002520478890989288
0,3008,0.0
9,3008,0.0029920212765957447
17,3008,0.005651595744680851
15,3008,0.004986702127659575
6,3008,0.0019946808510638296
8,3008,0.0026595744680851063
6,3008,0.0019946808510638296
10,3008,0.003324468085106383
7,3008,0.002327127659574468
3,3008,0.0009973404255319148
6,3008,0.0019946808510638296
14,3008,0.004654255319148936
7,3008,0.002327127659574468
14,3008,0.004654255319148936
3,3008,0.0009973404255319148
8,3008,0.0026595744680851063
12,3008,0.003989361702127659
4,3008,0.0013297872340425532
8,3008,0.0026595744680851063
9,3008,0.0029920212765957447
2,3008,0.0006648936170212766
7,3008,0.002327127659574468
2,3008,0.0006648936170212766
3,3008,0.0009973404255319148
14,3008,0.004654255319148936
12,3008,0.003989361702127659
8,3008,0.0026595744680851063
6,3008,0.0019946808510638296
7,3008,0.002327127659574468
5,3008,0.0016622340425531915
5,3008,0.0016622340425531915
3,3008,0.0009973404255319148
5,3008,0.0016622340425531915
5,3008,0.0016622340425531915
7,3008,0.002327127659574468
12,2180,0.005504587155963303
10,2180,0.0045871559633027525
13,2180,0.005963302752293578
5,2180,0.0022935779816513763
4,2180,0.001834862385321101
3,2180,0.0013761467889908258
2,2180,0.0009174311926605505
3,2180,0.0013761467889908258
9,2180,0.004128440366972477
6,2180,0.0027522935779816515
2,2180,0.0009174311926605505
8,2180,0.003669724770642202
6,2180,0.0027522935779816515
4,2180,0.001834862385321101
9,2180,0.004128440366972477
4,2180,0.001834862385321101
1,2180,0.00045871559633027525
12,2180,0.005504587155963303
5,2180,0.0022935779816513763
3,1347,0.0022271714922048997
12,1347,0.008908685968819599
10,1323,0.007558578987150416
4,1323,0.0030234315948601664
19,1727,0.011001737116386797
8,1727,0.004632310364794441
15,1727,0.008685581933989578
8,1727,0.004632310364794441
4,1727,0.0023161551823972205
11,1893,0.005810882197569995
6,1893,0.003169572107765452
8,1893,0.004226096143687269
2,1893,0.0010565240359218173
9,1893,0.004754358161648178
2,1893,0.0010565240359218173
4,1893,0.0021130480718436345
9,1512,0.005952380952380952
12,1512,0.007936507936507936
6,1512,0.003968253968253968
2,1512,0.0013227513227513227
10,1512,0.006613756613756613
6,1512,0.003968253968253968
11,2040,0.005392156862745098
12,2040,0.0058823529411764705
12,2040,0.0058823529411764705
4,2040,0.00196078431372549
8,1516,0.005277044854881266
6,1516,0.00395778364116095
4,1516,0.002638522427440633
7,1516,0.004617414248021108
6,1516,0.00395778364116095
9,1516,0.005936675461741424
2,1516,0.0013192612137203166
12,1516,0.0079155672823219
9,2705,0.0033271719038817007
14,2705,0.005175600739371534
8,2705,0.0029574861367837337
11,2705,0.004066543438077634
8,2705,0.0029574861367837337
8,2705,0.0029574861367837337
10,2705,0.0036968576709796672
6,2705,0.0022181146025878
1,2705,0.0003696857670979667
8,2705,0.0029574861367837337
6,2705,0.0022181146025878
8,2705,0.0029574861367837337
7,2705,0.002587800369685767
5,2705,0.0018484288354898336
7,2705,0.002587800369685767
14,2705,0.005175600739371534
4,2705,0.0014787430683918669
8,2705,0.0029574861367837337
4,2705,0.0014787430683918669
7,2705,0.002587800369685767
6,2705,0.0022181146025878
2,2705,0.0007393715341959334
4,2705,0.0014787430683918669
10,2705,0.0036968576709796672
12,2155,0.005568445475638051
6,2155,0.0027842227378190253
3,2155,0.0013921113689095127
14,2155,0.0064965197215777265
6,2155,0.0027842227378190253
8,2155,0.0037122969837587007
4,2155,0.0018561484918793504
4,2155,0.0018561484918793504
10,1717,0.005824111822947
16,1717,0.009318578916715201
3,1717,0.0017472335468841002
1,1717,0.0005824111822947001
1,1449,0.0006901311249137336
6,1449,0.004140786749482402
10,1449,0.006901311249137336
4,1449,0.0027605244996549345
7,1449,0.004830917874396135
10,1883,0.0053106744556558685
11,1883,0.005841741901221455
9,1883,0.004779607010090282
12,1883,0.006372809346787042
4,1883,0.002124269782262347
7,1549,0.004519044544867657
7,1549,0.004519044544867657
5,1549,0.0032278889606197547
16,1549,0.010329244673983214
12,2241,0.00535475234270415
8,2241,0.0035698348951361
9,2241,0.004016064257028112
2,2241,0.000892458723784025
12,2241,0.00535475234270415
9,2241,0.004016064257028112
9,2241,0.004016064257028112
5,2241,0.0022311468094600626
6,2241,0.002677376171352075
11,2241,0.0049085229808121375
5,1759,0.0028425241614553724
16,1759,0.009096077316657191
5,1759,0.0028425241614553724
11,1759,0.0062535531552018195
5,1759,0.0028425241614553724
3,1759,0.0017055144968732233
4,1511,0.0026472534745201853
5,1511,0.0033090668431502318
8,1511,0.005294506949040371
3,2155,0.0013921113689095127
14,2155,0.0064965197215777265
5,2155,0.002320185614849188
10,2155,0.004640371229698376
7,2155,0.0032482598607888632
7,2155,0.0032482598607888632
4,2155,0.0018561484918793504
4,2155,0.0018561484918793504
3,2155,0.0013921113689095127
12,2044,0.005870841487279843
8,2044,0.003913894324853229
7,2044,0.003424657534246575
5,2044,0.002446183953033268
9,2044,0.004403131115459882
7,2044,0.003424657534246575
8,2044,0.003913894324853229
10,2044,0.004892367906066536
9,2044,0.004403131115459882
9,2044,0.004403131115459882
2,2044,0.0009784735812133072
8,2044,0.003913894324853229
3,2044,0.0014677103718199608
9,2044,0.004403131115459882
5,2044,0.002446183953033268
13,1184,0.01097972972972973
3,1184,0.002533783783783784
11,1548,0.0071059431524547806
3,1548,0.001937984496124031
8,1914,0.0041797283176593526
6,1914,0.003134796238244514
8,1914,0.0041797283176593526
8,1914,0.0041797283176593526
6,1914,0.003134796238244514
3,1914,0.001567398119122257
2,1914,0.0010449320794148381
5,1914,0.002612330198537095
1,1914,0.0005224660397074191
2,1914,0.0010449320794148381
6,1914,0.003134796238244514
2,1637,0.0012217470983506415
13,1637,0.00794135613927917
5,1637,0.0030543677458766036
10,1637,0.006108735491753207
3,1637,0.0018326206475259622
12,1957,0.0061318344404701075
7,1957,0.0035769034236075624
4,1957,0.002043944813490036
4,1999,0.002001000500250125
7,1999,0.003501750875437719
9,1999,0.004502251125562781
12,1999,0.006003001500750375
1,1999,0.0005002501250625312
6,1999,0.0030015007503751876
4,1999,0.002001000500250125
6,1999,0.0030015007503751876
4,1999,0.002001000500250125
7,2180,0.003211009174311927
1,2180,0.00045871559633027525
6,2180,0.0027522935779816515
7,2180,0.003211009174311927
6,2180,0.0027522935779816515
6,1800,0.0033333333333333335
7,1800,0.0038888888888888888
5,1800,0.002777777777777778
10,1632,0.006127450980392157
5,1632,0.0030637254901960784
6,1632,0.003676470588235294
3,1632,0.001838235294117647
3,1632,0.001838235294117647
4,1632,0.0024509803921568627
5,1632,0.0030637254901960784
9,1601,0.005621486570893191
6,1601,0.0037476577139287947
9,1601,0.005621486570893191
6,1689,0.003552397868561279
8,1689,0.004736530491415038
3,1689,0.0017761989342806395
11,1689,0.006512729425695678
6,1409,0.0042583392476933995
7,1409,0.0049680624556423
2,1409,0.0014194464158978
7,2044,0.003424657534246575
8,2044,0.003913894324853229
8,2044,0.003913894324853229
11,2044,0.0053816046966731895
8,2044,0.003913894324853229
6,2044,0.0029354207436399216
5,2044,0.002446183953033268
6,2044,0.0029354207436399216
8,2166,0.003693444136657433
3,2166,0.0013850415512465374
16,2166,0.007386888273314866
4,2166,0.0018467220683287165
3,2166,0.0013850415512465374
8,2166,0.003693444136657433
7,2166,0.003231763619575254
9,2166,0.004155124653739612
3,2166,0.0013850415512465374
4,2166,0.0018467220683287165
9,2166,0.004155124653739612
7,2166,0.003231763619575254
13,1677,0.007751937984496124
6,1677,0.0035778175313059034
10,1677,0.005963029218843173
10,1707,0.005858230814294083
9,1707,0.005272407732864675
2,1707,0.0011716461628588166
3,1707,0.0017574692442882249
5,2060,0.0024271844660194173
13,2060,0.006310679611650485
10,2060,0.0048543689320388345
3,2060,0.0014563106796116505
2,2060,0.000970873786407767
4,2060,0.001941747572815534
7,2060,0.0033980582524271844
5,2060,0.0024271844660194173
7,1973,0.0035478966041561076
11,1973,0.005575266092245312
18,1973,0.00912316269640142
3,1973,0.0015205271160669033
3,1973,0.0015205271160669033
7,1973,0.0035478966041561076
7,1973,0.0035478966041561076
6,1973,0.0030410542321338066
4,1973,0.0020273694880892043
5,1973,0.002534211860111505
9,2374,0.0037910699241786015
9,2374,0.0037910699241786015
18,2374,0.007582139848357203
7,2374,0.0029486099410278013
7,2374,0.0029486099410278013
5,2374,0.0021061499578770007
3,2374,0.0012636899747262005
4,2374,0.0016849199663016006
2,2374,0.0008424599831508003
8,2374,0.003369839932603201
12,2374,0.005054759898904802
7,2374,0.0029486099410278013
2,2374,0.0008424599831508003
9,2374,0.0037910699241786015
3,2374,0.0012636899747262005
5,2374,0.0021061499578770007
5,2374,0.0021061499578770007
4,955,0.004188481675392671
12,955,0.012565445026178011
2,955,0.0020942408376963353
15,1582,0.009481668773704172
6,1582,0.0037926675094816687
9,1582,0.005689001264222503
7,1582,0.004424778761061947
6,1582,0.0037926675094816687
3,1582,0.0018963337547408343
4,1582,0.0025284450063211127
4,1582,0.0025284450063211127
10,1421,0.007037297677691766
3,1421,0.00211118930330753
10,1421,0.007037297677691766
12,1871,0.006413682522715126
1,1871,0.0005344735435595938
4,1871,0.002137894174238375
2,1871,0.0010689470871191875
1,1871,0.0005344735435595938
12,1802,0.006659267480577136
13,1802,0.007214206437291898
6,1802,0.003329633740288568
10,1802,0.005549389567147614
4,1802,0.0022197558268590455
5,1802,0.002774694783573807
6,1802,0.003329633740288568
5,1802,0.002774694783573807
5,1802,0.002774694783573807
7,1802,0.00388457269700333
5,1802,0.002774694783573807
3,1802,0.001664816870144284
4,1802,0.0022197558268590455
2,1839,0.001087547580206634
9,1839,0.004893964110929853
3,1498,0.0020026702269692926
7,1498,0.004672897196261682
8,1498,0.0053404539385847796
8,1498,0.0053404539385847796
9,1863,0.004830917874396135
9,1863,0.004830917874396135
6,1863,0.00322061191626409
2,1863,0.0010735373054213634
0,1863,0.0
8,1863,0.0042941492216854536
7,1863,0.003757380568974772
9,2142,0.004201680672268907
5,2142,0.002334267040149393
8,2142,0.003734827264239029
6,2142,0.0028011204481792717
6,2142,0.0028011204481792717
5,2142,0.002334267040149393
7,2142,0.0032679738562091504
10,2142,0.004668534080298786
10,2142,0.004668534080298786
6,2142,0.0028011204481792717
4,2142,0.0018674136321195146
3,2142,0.0014005602240896359
1,2142,0.00046685340802987864
5,2142,0.002334267040149393
2,2142,0.0009337068160597573
13,1663,0.007817197835237523
5,1663,0.003006614552014432
11,1663,0.00661455201443175
8,1663,0.004810583283223091
6,1663,0.0036079374624173183
2,1663,0.0012026458208057728
6,1663,0.0036079374624173183
8,1663,0.004810583283223091
9,1475,0.006101694915254237
3,1475,0.002033898305084746
13,1793,0.007250418293363078
9,1793,0.0050195203569436695
3,1793,0.0016731734523145567
5,1793,0.002788622420524261
3,1793,0.0016731734523145567
4,1793,0.002230897936419409
7,1793,0.0039040713887339654
2,1793,0.0011154489682097045
6,1793,0.0033463469046291134
3,1793,0.0016731734523145567
5,1793,0.002788622420524261
12,1116,0.010752688172043012
9,1116,0.008064516129032258
6,1116,0.005376344086021506
8,1116,0.007168458781362007
5,1413,0.003538570417551309
11,1413,0.00778485491861288
8,1413,0.005661712668082095
9,1413,0.006369426751592357
14,1543,0.009073233959818535
8,1543,0.005184705119896306
6,1543,0.0038885288399222295
20,1852,0.01079913606911447
7,1852,0.003779697624190065
4,1852,0.0021598272138228943
5,1852,0.0026997840172786176
6,1852,0.0032397408207343412
2,1852,0.0010799136069114472
6,1852,0.0032397408207343412
4,1507,0.0026542800265428003
3,1507,0.0019907100199071004
4,1507,0.0026542800265428003
2,1507,0.0013271400132714001
5,1507,0.0033178500331785005
6,1507,0.003981420039814201
11,1890,0.00582010582010582
13,1890,0.0068783068783068784
11,1890,0.00582010582010582
9,1890,0.004761904761904762
5,1890,0.0026455026455026454
2,1890,0.0010582010582010583
2,1890,0.0010582010582010583
9,1841,0.004888647474198805
10,1841,0.005431830526887561
12,1841,0.006518196632265073
17,1841,0.009234111895708854
7,1841,0.0038022813688212928
5,1841,0.0027159152634437804
4,1841,0.0021727322107550242
8,1764,0.0045351473922902496
5,1764,0.002834467120181406
8,1764,0.0045351473922902496
2,1764,0.0011337868480725624
8,1764,0.0045351473922902496
6,1764,0.003401360544217687
7,1764,0.003968253968253968
5,1764,0.002834467120181406
1,1764,0.0005668934240362812
7,1591,0.0043997485857950975
6,1591,0.003771213073538655
4,1591,0.00251414204902577
4,1591,0.00251414204902577
3,1591,0.0018856065367693275
3,1591,0.0018856065367693275
7,1751,0.003997715591090805
11,1751,0.006282124500285551
8,1751,0.004568817818389492
7,1751,0.003997715591090805
8,1751,0.004568817818389492
2,1751,0.001142204454597373
9,1751,0.005139920045688178
5,1751,0.0028555111364934323
6,1751,0.0034266133637921186
5,1751,0.0028555111364934323
19,1208,0.015728476821192054
8,1208,0.006622516556291391
7,1208,0.005794701986754967
8,1521,0.005259697567389875
15,1521,0.009861932938856016
5,1521,0.003287310979618672
6,1521,0.0039447731755424065
10,1469,0.0068073519400953025
10,1469,0.0068073519400953025
4,1469,0.002722940776038121
2,1469,0.0013614703880190605
3,1469,0.0020422055820285907
2,1469,0.0013614703880190605
4,1469,0.002722940776038121
1,1469,0.0006807351940095302
3,1469,0.0020422055820285907
2,1469,0.0013614703880190605
4,1469,0.002722940776038121
1,1643,0.0006086427267194157
8,1643,0.004869141813755326
7,1643,0.00426049908703591
6,1838,0.003264417845484222
9,1838,0.004896626768226333
5,1838,0.002720348204570185
6,1838,0.003264417845484222
8,1813,0.00441257584114727
9,1813,0.004964147821290678
8,1813,0.00441257584114727
4,1813,0.002206287920573635
1,1813,0.0005515719801434088
10,1813,0.005515719801434087
8,1813,0.00441257584114727
9,1813,0.004964147821290678
5,1813,0.0027578599007170436
9,1945,0.004627249357326478
11,1945,0.005655526992287918
9,1945,0.004627249357326478
3,1945,0.0015424164524421595
5,1945,0.002570694087403599
12,1941,0.0061823802163833074
8,1941,0.004121586810922205
8,1941,0.004121586810922205
5,1941,0.002575991756826378
10,1402,0.007132667617689016
12,1402,0.008559201141226819
9,1402,0.006419400855920114
3,1402,0.0021398002853067048
6,1402,0.0042796005706134095
2,1402,0.0014265335235378032
18,1550,0.011612903225806452
4,1550,0.0025806451612903226
10,1550,0.0064516129032258064
6,1550,0.003870967741935484
4,1550,0.0025806451612903226
3,1513,0.0019828155981493722
8,1513,0.005287508261731659
7,1513,0.004626569729015202
7,1513,0.004626569729015202
14,1513,0.009253139458030404
9,1904,0.004726890756302521
10,1904,0.005252100840336135
7,1904,0.003676470588235294
9,1904,0.004726890756302521
6,1904,0.0031512605042016808
7,1904,0.003676470588235294
4,1904,0.0021008403361344537
6,1904,0.0031512605042016808
3,1904,0.0015756302521008404
14,1582,0.008849557522123894
4,1582,0.0025284450063211127
5,1582,0.0031605562579013905
2,1582,0.0012642225031605564
5,1582,0.0031605562579013905
8,1465,0.005460750853242321
2,1465,0.0013651877133105802
9,1465,0.0061433447098976105
9,1465,0.0061433447098976105
9,1471,0.006118286879673691
4,1471,0.002719238613188307
4,1471,0.002719238613188307
1,1471,0.0006798096532970768
17,1934,0.008790072388831437
7,1934,0.0036194415718717684
6,1934,0.0031023784901758012
1,1934,0.000517063081695967
