event_id,object,index,iso_dr,iso,conversionType,obj_pt
1,photon,0,0.15,0.03788960638937809,0.0,82.7874
1,photon,1,0.15,0.03531186096558709,0.0,82.1552
1,jet,0,0.15,1.7770430689109626,,28.3801
1,jet,1,0.15,0.11512908206704474,,20.7891
1,jet,2,0.15,0.04744997762885061,,20.7857
1,jet,3,0.15,0.05771423738258239,,20.0992
2,photon,0,0.15,0.010213491447081778,0.0,211.156
2,jet,0,0.15,0.8208490530028322,,130.993
2,jet,1,0.15,0.24013830230373082,,53.5349
2,jet,2,0.15,0.09408656282636757,,35.7151
2,jet,3,0.15,0.19763960852043755,,33.8715
2,jet,4,0.15,0.05924298375184639,,27.08
2,jet,5,0.15,0.12885668582583235,,22.1304
2,jet,6,0.15,0.3251946982040533,,21.8492
2,jet,7,0.15,0.047685255991361135,,21.5769
2,jet,8,0.15,0.2941290067736603,,20.5059
3,jet,0,0.15,0.9589225044014861,,169.829
3,jet,1,0.15,0.8808290833163333,,83.333
3,jet,2,0.15,0.0,,44.3287
3,jet,3,0.15,0.03461011343004548,,27.8145
3,jet,4,0.15,0.4827301610322745,,22.0639
4,photon,0,0.15,0.09188196876639089,0.0,35.4618
4,jet,0,0.15,0.07371423717024661,,37.6683
4,jet,1,0.15,0.43266309688048993,,20.1506
5,photon,0,0.15,0.04246044110366846,0.0,49.4895
5,jet,0,0.15,1.190312812675783,,80.3548
5,jet,1,0.15,0.10743405588926612,,22.974
6,photon,0,0.15,0.0,0.0,70.5529
6,jet,0,0.15,0.8635622739010197,,65.4857
6,jet,1,0.15,0.1138439013977317,,43.0984
6,jet,2,0.15,0.42033702787555893,,25.2264
6,jet,3,0.15,0.22638383303549758,,22.6635
6,jet,4,0.15,0.33671651256868723,,22.0747
7,photon,0,0.15,0.027008024534026162,0.0,72.9762
7,jet,0,0.15,1.0764450540656567,,66.8539
7,jet,1,0.15,0.5647367802941333,,52.7924
7,jet,2,0.15,0.1052767883159591,,33.6322
7,jet,3,0.15,0.40447912866746577,,26.8646
7,jet,4,0.15,0.2002304963782189,,23.4277
7,jet,5,0.15,0.2964526827661609,,21.8599
8,photon,0,0.15,0.03657659515307158,0.0,64.0158
8,jet,0,0.15,0.8006558882117844,,71.2347
8,jet,1,0.15,1.0928108679313717,,57.3467
8,jet,2,0.15,0.2620846983546056,,32.5697
8,jet,3,0.15,0.3245716558097258,,26.404
8,jet,4,0.15,0.19944917890863836,,22.1778
8,jet,5,0.15,0.1344853961451903,,20.3953
9,photon,0,0.15,0.01246693228332097,0.0,89.9291
9,jet,0,0.15,0.46710602807722756,,131.352
9,jet,1,0.15,1.0154740307676644,,117.851
9,jet,2,0.15,0.38246935129101084,,60.5572
10,photon,0,0.15,0.011859898180475876,0.0,130.034
10,photon,1,0.15,0.0,0.0,60.5701
10,jet,0,0.15,0.8592292224201595,,87.1769
10,jet,1,0.15,0.20384484586609053,,54.9879
10,jet,2,0.15,0.9134141205509352,,27.3063
11,photon,0,0.15,0.017422473526546293,0.0,109.827
11,jet,0,0.15,0.7432324486374845,,174.787
11,jet,1,0.15,0.6651563847186563,,83.2754
11,jet,2,0.15,0.06728484566695507,,41.7247
11,jet,3,0.15,0.7713260911612694,,40.8441
11,jet,4,0.15,0.3034281862391064,,31.1535
11,jet,5,0.15,0.1101704370074787,,26.8897
11,jet,6,0.15,0.10515876232941494,,25.9035
11,jet,7,0.15,0.04535851004344273,,23.249
11,jet,8,0.15,0.16509117009914775,,23.1271
12,photon,0,0.15,0.008792411228485866,0.0,121.548
12,jet,0,0.15,0.6934179306668461,,77.2877
12,jet,1,0.15,0.8316285225086967,,68.1581
12,jet,2,0.15,0.20998713387457144,,43.3697
12,jet,3,0.15,0.25110747753289003,,35.9303
12,jet,4,0.15,0.1616852118786144,,28.9293
12,jet,5,0.15,0.49701594643129354,,26.8963
12,jet,6,0.15,0.0,,21.0039
13,jet,0,0.15,0.9521543493223349,,193.237
13,jet,1,0.15,0.666076320411454,,166.823
13,jet,2,0.15,0.2194955055476173,,35.1322
13,jet,3,0.15,0.2509471681431789,,33.4798
13,jet,4,0.15,0.0,,20.6409
14,photon,0,0.15,0.011467938790652278,0.0,200.819
14,jet,0,0.15,0.5802375144434458,,101.257
14,jet,1,0.15,0.34654626312432857,,46.7262
14,jet,2,0.15,0.9372117216252707,,21.6284
15,jet,0,0.15,0.7109131066550421,,86.025
17,photon,0,0.15,0.006497151037666979,0.0,210.954
17,photon,1,0.15,0.04477534585889707,0.0,55.9549
17,jet,0,0.15,0.9870508102875151,,202.459
17,jet,1,0.15,0.6527081873156102,,24.5404
18,photon,0,0.15,0.02487945544297759,0.0,77.1416
18,jet,0,0.15,0.3499857091099392,,124.205
18,jet,1,0.15,0.04377988200039892,,84.7291
18,jet,2,0.15,0.28653712360496947,,47.49
18,jet,3,0.15,0.27338998696785405,,44.1984
18,jet,4,0.15,0.1039583543658282,,38.6307
18,jet,5,0.15,0.23772298356618798,,37.4411
18,jet,6,0.15,0.2025246844524429,,32.8952
18,jet,7,0.15,0.040306187617466196,,32.8818
18,jet,8,0.15,0.20933633158739878,,32.8191
18,jet,9,0.15,0.2246985692901935,,32.8019
18,jet,10,0.15,0.25527746745752045,,32.4038
18,jet,11,0.15,0.35021869464504696,,29.356
18,jet,12,0.15,0.33734351756296405,,28.9729
18,jet,13,0.15,0.11082068321046619,,28.893
18,jet,14,0.15,0.19213336385250382,,27.0868
18,jet,15,0.15,0.2564818569209937,,26.1422
18,jet,16,0.15,0.18996174718289993,,24.1028
18,jet,17,0.15,0.040492491744033896,,24.0735
18,jet,18,0.15,0.37272575084119136,,24.073
18,jet,19,0.15,0.2467531271840069,,23.8953
18,jet,20,0.15,0.11277630825218182,,23.7416
18,jet,21,0.15,0.2991115424174481,,23.2369
18,jet,22,0.15,0.1733793493178332,,22.2966
18,jet,23,0.15,0.20753518598468496,,22.0045
18,jet,24,0.15,0.513592703580633,,21.4571
20,photon,0,0.15,0.05214337087064898,0.0,101.499
20,jet,0,0.15,0.6236648171054958,,70.7375
20,jet,1,0.15,0.49376959897438516,,43.0571
20,jet,2,0.15,1.1697045140045028,,32.7359
21,photon,0,0.15,0.5812529949008708,0.0,43.2819
21,jet,0,0.15,0.13891961351878598,,173.773
21,jet,1,0.15,1.0159800956087652,,141.828
21,jet,2,0.15,0.49987504103681935,,67.6222
21,jet,3,0.15,0.27451815846549044,,52.0088
21,jet,4,0.15,0.4048994653153397,,51.5444
21,jet,5,0.15,0.453987906093656,,32.7603
21,jet,6,0.15,0.2433704307365151,,30.0021
21,jet,7,0.15,0.573191065382934,,29.5077
21,jet,8,0.15,0.5724858376975994,,28.9854
21,jet,9,0.15,0.12087754175136069,,26.8614
21,jet,10,0.15,0.1554733762630933,,23.7908
21,jet,11,0.15,0.32952400716501373,,22.889
21,jet,12,0.15,0.45255487650526166,,22.1224
21,jet,13,0.15,0.1644963680846625,,21.0908
21,jet,14,0.15,0.11930552339473724,,20.2973
22,photon,0,0.15,0.009425049654951261,0.0,305.609
22,jet,0,0.15,0.28499266955503993,,243.505
22,jet,1,0.15,0.5377834617351831,,125.128
22,jet,2,0.15,0.9076640893666447,,87.818
22,jet,3,0.15,0.585699259598504,,32.7525
22,jet,4,0.15,0.3599629363940698,,30.9468
22,jet,5,0.15,0.037405453234580846,,30.514
22,jet,6,0.15,0.4567909458669149,,28.8973
22,jet,7,0.15,0.09994643952417566,,23.1514
22,jet,8,0.15,0.24442820883838987,,21.0785
23,photon,0,0.15,0.016648599880609977,0.0,147.416
23,jet,0,0.15,0.8844555518359902,,77.9661
23,jet,1,0.15,0.0984429344732948,,63.2536
23,jet,2,0.15,0.409538371695086,,31.8503
24,jet,0,0.15,0.11396596448924266,,133.537
24,jet,1,0.15,0.41555815428608034,,96.7994
24,jet,2,0.15,0.3422641773262163,,86.5343
24,jet,3,0.15,0.23846224313664985,,62.2218
24,jet,4,0.15,0.29566921478600844,,33.7373
24,jet,5,0.15,0.12063611799144337,,32.8634
24,jet,6,0.15,0.044231318296259765,,30.8216
24,jet,7,0.15,0.0,,29.3707
24,jet,8,0.15,0.04432634623442722,,29.3541
24,jet,9,0.15,0.07080534501343096,,29.2235
24,jet,10,0.15,0.24395271885698985,,26.1415
24,jet,11,0.15,0.052989007555763835,,24.3258
24,jet,12,0.15,0.13541598158500492,,23.4157
24,jet,13,0.15,0.10986965268272965,,21.7726
24,jet,14,0.15,0.04747114794922783,,21.5236
24,jet,15,0.15,0.0,,20.8667
24,jet,16,0.15,0.18984724482113802,,20.5885
25,photon,0,0.15,0.04990769482625094,0.0,158.821
25,photon,1,0.15,0.03725950691983934,0.0,27.0382
25,jet,0,0.15,0.822675853651186,,132.724
25,jet,1,0.15,1.0233615026021532,,22.1163
26,photon,0,0.15,0.11187072079640441,0.0,38.0912
26,jet,0,0.15,0.007987826795427859,,125.193
26,jet,1,0.15,0.7206056048244058,,70.475
26,jet,2,0.15,1.2256401442962157,,58.768
27,jet,0,0.15,0.46472975372822833,,131.765
27,jet,1,0.15,0.03528375751966682,,108.05
27,jet,2,0.15,1.107971654327696,,70.6704
27,jet,3,0.15,0.3638532897425419,,24.47
27,jet,4,0.15,1.066680487928586,,23.6592
29,jet,0,0.15,0.2345400029936759,,106.892
29,jet,1,0.15,0.4450662628792845,,102.199
29,jet,2,0.15,0.06017783720205483,,59.6838
29,jet,3,0.15,0.07106747130985358,,56.6048
29,jet,4,0.15,0.10382385222680733,,44.3707
29,jet,5,0.15,0.19062645855134838,,40.7082
29,jet,6,0.15,0.17749668246680608,,40.3161
29,jet,7,0.15,0.036878087641417735,,39.9172
29,jet,8,0.15,0.1782106573932059,,39.5106
29,jet,9,0.15,0.2682620696120684,,36.2667
29,jet,10,0.15,0.21908567896813247,,34.6246
29,jet,11,0.15,0.12791654363018418,,34.5426
29,jet,12,0.15,0.09677692140423784,,33.1112
29,jet,13,0.15,0.0535341985338485,,29.9969
29,jet,14,0.15,0.0635278416996682,,29.8976
29,jet,15,0.15,0.14785346553022058,,28.0289
29,jet,16,0.15,0.21592050388855913,,26.7837
29,jet,17,0.15,0.11923125182985486,,26.2999
29,jet,18,0.15,0.10384679210095853,,25.3094
29,jet,19,0.15,0.16847965868650921,,24.728
29,jet,20,0.15,0.17384500402935799,,23.0806
29,jet,21,0.15,0.31977827169512135,,22.4509
29,jet,22,0.15,0.4866694959429101,,21.6781
29,jet,23,0.15,0.2353590059939575,,20.5874
29,jet,24,0.15,0.21594478426186145,,20.5666
29,jet,25,0.15,0.242168873123456,,20.5231
29,jet,26,0.15,0.045359082142327284,,20.221
30,photon,0,0.15,0.004623438989560959,0.0,252.801
30,jet,0,0.15,0.7329671904201565,,144.47
30,jet,1,0.15,0.36759500979798526,,39.1407
30,jet,2,0.15,0.22110051768318617,,28.9173
30,jet,3,0.15,0.2487944526258039,,24.2421
30,jet,4,0.15,0.36106220457037314,,21.9807
30,jet,5,0.15,0.0,,21.9384
30,jet,6,0.15,0.6812547743669544,,21.207
30,jet,7,0.15,0.8717152568012452,,20.6249
30,jet,8,0.15,0.5543485165811388,,20.1494
31,photon,0,0.15,0.14880808584154076,0.0,48.5639
31,jet,0,0.15,0.14961610158415706,,29.0754
32,photon,0,0.15,0.019811488280704063,0.0,121.637
32,jet,0,0.15,0.6436754583797083,,136.568
32,jet,1,0.15,0.5714741081010246,,56.4694
32,jet,2,0.15,0.7670950650476162,,40.6164
32,jet,3,0.15,0.58738350808485,,30.5386
32,jet,4,0.15,0.6702479338842976,,28.4713
32,jet,5,0.15,0.3183163782963555,,22.2746
34,photon,0,0.15,0.018417064442186836,0.0,195.881
34,jet,0,0.15,1.603657890551661,,71.0527
34,jet,1,0.15,0.703183480700259,,56.322
34,jet,2,0.15,0.3545948062539968,,43.1596
34,jet,3,0.15,0.4063450700114794,,30.8378
34,jet,4,0.15,0.445177982907934,,21.0273
35,photon,0,0.15,0.028637139615989984,0.0,45.0457
35,jet,0,0.15,0.26971861945082937,,169.237
35,jet,1,0.15,0.6330238635332547,,165.315
35,jet,2,0.15,0.43342110957791524,,71.1658
35,jet,3,0.15,0.0451629854368932,,41.2
35,jet,4,0.15,0.4213454368034513,,38.942
35,jet,5,0.15,0.12494401875857777,,35.9942
35,jet,6,0.15,0.0827149339909712,,33.9802
35,jet,7,0.15,0.7472706218840042,,33.0753
35,jet,8,0.15,0.035501352176568086,,28.6575
35,jet,9,0.15,0.2042654028436019,,27.5777
35,jet,10,0.15,0.29609623152795544,,25.7213
35,jet,11,0.15,0.23348536798039862,,25.3451
35,jet,12,0.15,0.3672650892540634,,24.5423
35,jet,13,0.15,0.12557324343030654,,22.3945
35,jet,14,0.15,0.22214818314020807,,21.5922
35,jet,15,0.15,0.0,,21.1651
35,jet,16,0.15,0.3728234276899495,,20.3554
36,photon,0,0.15,0.031192958753096214,0.0,102.141
36,jet,0,0.15,0.5185843915046635,,142.384
36,jet,1,0.15,0.8132570109624726,,58.9648
36,jet,2,0.15,0.5718592478445257,,39.2605
36,jet,3,0.15,0.20316734253939636,,30.0599
38,photon,0,0.15,0.0193421034012707,0.0,63.6027
38,photon,1,0.15,0.1102051465005443,0.0,54.6585
38,jet,0,0.15,0.6991048236366972,,37.6127
38,jet,1,0.15,0.11547657968914297,,33.9513
38,jet,2,0.15,0.20553456470038567,,26.1119
39,photon,0,0.15,0.013672516910131534,0.0,178.739
39,jet,0,0.15,0.40082794520615184,,81.4909
39,jet,1,0.15,0.32527335757721126,,70.0383
39,jet,2,0.15,0.6808031988554554,,32.7117
39,jet,3,0.15,0.6949869222454633,,27.1071
39,jet,4,0.15,0.20546878574600652,,22.2927
39,jet,5,0.15,0.14119449548928212,,21.6041
39,jet,6,0.15,0.15611631037992973,,21.3171
39,jet,7,0.15,0.4105478843572831,,20.9369
40,photon,0,0.15,0.0,0.0,153.988
40,jet,0,0.15,0.7750988803400303,,101.638
40,jet,1,0.15,0.0,,94.5888
40,jet,2,0.15,0.6258849799632095,,57.5691
40,jet,3,0.15,0.7701188871464427,,52.6718
40,jet,4,0.15,0.6876608683354547,,25.4556
43,photon,0,0.15,0.048278857847031925,0.0,61.673
43,jet,0,0.15,0.5375170382991332,,107.992
43,jet,1,0.15,0.37415603082232685,,48.5622
43,jet,2,0.15,0.15572491418499979,,44.3687
43,jet,3,0.15,0.6385581681695972,,33.6232
43,jet,4,0.15,0.19584982910851612,,30.8968
43,jet,5,0.15,0.14343284812835486,,25.4669
43,jet,6,0.15,0.33326978303447335,,24.9671
43,jet,7,0.15,0.22091488893776118,,23.1897
43,jet,8,0.15,0.686992862117764,,22.5417
43,jet,9,0.15,0.4843695087521175,,22.1375
43,jet,10,0.15,0.3541302994706965,,21.3677
43,jet,11,0.15,0.16510474400679215,,20.9654
44,photon,0,0.15,0.03720952882745368,0.0,129.061
44,jet,0,0.15,0.2637077788802653,,147.142
44,jet,1,0.15,0.0635145758152115,,82.9662
44,jet,2,0.15,0.17878807423770904,,31.0085
44,jet,3,0.15,0.14670006712230724,,26.9657
45,photon,0,0.15,0.1339794090287906,0.0,34.8308
45,jet,0,0.15,0.8424452857840743,,122.82
45,jet,1,0.15,0.3134099844917343,,62.1604
45,jet,2,0.15,1.182693871255605,,45.3845
45,jet,3,0.15,0.738041753803995,,27.734
45,jet,4,0.15,0.18957393410463327,,27.3737
45,jet,5,0.15,0.03968296554940799,,23.3697
45,jet,6,0.15,0.32382064499757995,,21.2807
46,photon,0,0.15,0.03747293257602523,0.0,147.188
46,jet,0,0.15,0.5140383656965537,,212.69
46,jet,1,0.15,0.030561991245249963,,80.3678
46,jet,2,0.15,0.11858969272478495,,39.3198
46,jet,3,0.15,0.29505361456516843,,34.2351
46,jet,4,0.15,0.2916218938885158,,27.9932
46,jet,5,0.15,0.27396757227320545,,27.569
46,jet,6,0.15,0.3025914309429195,,27.2282
46,jet,7,0.15,0.3281084640426161,,27.032
46,jet,8,0.15,0.1377225177409992,,25.3227
46,jet,9,0.15,0.09562730022227892,,24.6987
46,jet,10,0.15,0.1074001665307232,,23.5392
46,jet,11,0.15,0.2797643888019475,,23.004
46,jet,12,0.15,0.1053372657845858,,22.6661
46,jet,13,0.15,0.0,,20.2511
47,photon,0,0.15,0.04846881866268819,0.0,110.595
47,jet,0,0.15,0.043048966864270295,,145.915
47,jet,1,0.15,1.5177461879829748,,97.9993
47,jet,2,0.15,0.021644918502886752,,47.0078
47,jet,3,0.15,0.057508658819597366,,37.1009
47,jet,4,0.15,0.23027938012434704,,31.1869
47,jet,5,0.15,0.0,,25.6685
47,jet,6,0.15,0.24402100049529468,,25.2375
47,jet,7,0.15,0.1821035121923879,,24.9787
47,jet,8,0.15,0.5392589653083816,,23.9395
47,jet,9,0.15,0.046956658598731535,,23.5087
47,jet,10,0.15,0.11282493483177103,,23.1708
47,jet,11,0.15,0.17279711258956895,,22.6362
47,jet,12,0.15,0.14400886533671492,,22.0409
47,jet,13,0.15,0.0625923175404466,,21.9487
47,jet,14,0.15,0.04863068748076808,,21.7737
47,jet,15,0.15,0.0,,21.3576
47,jet,16,0.15,0.11865831733409692,,21.3031
47,jet,17,0.15,0.317164657913511,,21.1657
47,jet,18,0.15,0.0,,20.9968
47,jet,19,0.15,0.08857928443839887,,20.6579
47,jet,20,0.15,0.522408139557586,,20.4876
47,jet,21,0.15,0.19300488088951623,,20.2627
48,photon,0,0.15,0.10809312340196475,0.0,22.293
48,jet,0,0.15,0.26515944310255923,,110.541
48,jet,1,0.15,0.49730482831206413,,38.005
48,jet,2,0.15,0.04988875177194342,,21.7981
49,photon,0,0.15,0.0,0.0,182.928
49,photon,1,0.15,0.03141046170269549,0.0,119.904
49,jet,0,0.15,0.5866263338825223,,301.657
49,jet,1,0.15,0.4759791407447263,,41.6314
49,jet,2,0.15,0.07536243368138973,,27.7637
49,jet,3,0.15,0.5576826152006108,,22.6583
50,photon,0,0.15,0.09426837840464102,0.0,79.2411
50,photon,1,0.15,0.07509379728918361,0.0,36.8081
50,jet,0,0.15,0.48220859270294947,,65.5114
50,jet,1,0.15,0.5213043509492783,,41.7633
50,jet,2,0.15,0.4284835815965233,,38.7492
50,jet,3,0.15,0.14163779873727403,,24.5659
51,photon,0,0.15,0.05989570759499782,0.0,35.2087
51,jet,0,0.15,0.01758524416476707,,155.735
51,jet,1,0.15,0.39377206355108335,,129.093
51,jet,2,0.15,0.6381534503420446,,38.6353
51,jet,3,0.15,0.5419554409080934,,37.3706
51,jet,4,0.15,0.2963531609104435,,28.4301
51,jet,5,0.15,0.528399921860402,,23.5476
51,jet,6,0.15,0.20639363002089164,,20.2952
52,jet,0,0.15,0.6613641975873201,,109.339
52,jet,1,0.15,0.9963545163032789,,64.0546
52,jet,2,0.15,0.8427236975607301,,59.6285
52,jet,3,0.15,0.3480553434934638,,53.0505
52,jet,4,0.15,0.3654129821581948,,40.9824
52,jet,5,0.15,0.5364854499256915,,25.0308
52,jet,6,0.15,0.861941797635942,,22.6898
53,photon,0,0.15,0.15113828534555698,0.0,91.1239
53,jet,0,0.15,0.6600271581990912,,193.68
53,jet,1,0.15,0.5860918204928545,,174.656
53,jet,2,0.15,0.5134970298070688,,114.134
53,jet,3,0.15,0.09010769133639535,,63.357
53,jet,4,0.15,0.1176282515952316,,51.7323
53,jet,5,0.15,0.024943944664051164,,40.4511
53,jet,6,0.15,0.15218342300733265,,33.6032
53,jet,7,0.15,0.076268443063911,,32.0649
53,jet,8,0.15,0.44925808731948697,,29.707
53,jet,9,0.15,0.0,,29.124
53,jet,10,0.15,0.0,,28.5956
53,jet,11,0.15,0.1586633075740652,,28.5593
53,jet,12,0.15,0.15941225080809115,,27.3484
53,jet,13,0.15,0.0400091819824124,,26.7916
53,jet,14,0.15,0.4186307188688612,,26.7907
53,jet,15,0.15,0.21029906714843233,,24.8807
53,jet,16,0.15,0.1441282781932787,,24.4952
53,jet,17,0.15,0.18639472579569866,,24.2994
53,jet,18,0.15,0.13206529916244547,,23.9268
53,jet,19,0.15,0.18937261120065696,,22.8933
53,jet,20,0.15,0.07272819309265778,,21.7305
53,jet,21,0.15,0.30184913630117405,,21.6858
53,jet,22,0.15,0.15036816345881227,,21.5149
53,jet,23,0.15,0.20084236947313874,,21.0359
54,photon,0,0.15,0.03928818529982687,0.0,190.61
54,jet,0,0.15,0.20346944298823239,,93.8508
54,jet,1,0.15,0.7005763395209453,,79.5191
54,jet,2,0.15,0.6604660661795086,,42.3545
54,jet,3,0.15,0.19518504237150938,,33.9733
54,jet,4,0.15,0.45594597342852033,,28.5193
54,jet,5,0.15,0.22435842623660568,,22.1736
54,jet,6,0.15,0.12426468526566661,,21.399
55,photon,0,0.15,0.00776047779436786,0.0,143.995
55,photon,1,0.15,0.07396631903359842,0.0,109.023
55,jet,0,0.15,0.5800319342019793,,104.684
55,jet,1,0.15,0.6242900842864582,,103.694
55,jet,2,0.15,0.5830929799102537,,89.6527
55,jet,3,0.15,0.09504108002726452,,27.2882
55,jet,4,0.15,0.0,,26.4041
55,jet,5,0.15,0.20759995875678608,,22.3067
55,jet,6,0.15,0.11241247814784287,,22.0802
55,jet,7,0.15,0.2496013109774376,,20.0156
57,photon,0,0.15,0.0,0.0,63.0244
57,jet,0,0.15,0.5341464290270261,,109.746
57,jet,1,0.15,0.2644693050496491,,43.8981
58,photon,0,0.15,0.041866087386393885,0.0,105.188
58,photon,1,0.15,0.09863597833948119,0.0,38.5771
58,jet,0,0.15,0.16826626163336364,,27.9154
58,jet,1,0.15,0.49120330254525985,,27.6514
58,jet,2,0.15,0.144835486006987,,26.2774
58,jet,3,0.15,0.08867408439474733,,25.3357
58,jet,4,0.15,0.14848793952709938,,25.2146
58,jet,5,0.15,0.040102248190016516,,25.1936
58,jet,6,0.15,0.5767808025715389,,25.1367
58,jet,7,0.15,0.17932306087235667,,24.921
58,jet,8,0.15,0.13056251184021794,,22.1702
58,jet,9,0.15,0.5069561331509348,,21.93
58,jet,10,0.15,0.043079879448115685,,21.7002
58,jet,11,0.15,0.1294326721780988,,21.5431
58,jet,12,0.15,0.28292990092562,,20.8833
59,photon,0,0.15,0.011187303196095412,0.0,203.248
59,jet,0,0.15,0.8578793467541078,,179.473
59,jet,1,0.15,0.12323006584134591,,39.0636
59,jet,2,0.15,0.46033000238486477,,38.1573
59,jet,3,0.15,0.1411025776217743,,27.1219
61,photon,0,0.15,0.0,0.0,209.047
61,jet,0,0.15,0.4071850093121885,,69.7473
61,jet,1,0.15,1.0880441239037364,,48.6539
61,jet,2,0.15,0.34061399105491413,,44.2254
61,jet,3,0.15,0.09055897396524556,,27.3519
61,jet,4,0.15,0.11739829797258498,,27.1676
61,jet,5,0.15,0.1128012878382373,,25.0342
61,jet,6,0.15,0.08815305797799006,,24.5162
61,jet,7,0.15,0.16872206805900392,,23.9645
62,photon,0,0.15,0.023178185705228983,0.0,70.3502
62,jet,0,0.15,0.0,,108.35
62,jet,1,0.15,0.4314836185640278,,87.5198
62,jet,2,0.15,0.8009558603322099,,60.4377
62,jet,3,0.15,0.6949749864101002,,48.9334
62,jet,4,0.15,0.030052130929633627,,38.5184
62,jet,5,0.15,0.45526839765893684,,29.8326
62,jet,6,0.15,0.03230171459391944,,28.1816
62,jet,7,0.15,0.6647014092254923,,24.7228
62,jet,8,0.15,0.11054834340971129,,23.7023
62,jet,9,0.15,0.35631555606239146,,23.6763
62,jet,10,0.15,0.10094326334785862,,22.719
62,jet,11,0.15,0.9107696727350232,,21.5819
64,photon,0,0.15,0.018750739696666123,0.0,171.692
64,photon,1,0.15,0.04152301377895045,0.0,61.398
64,jet,0,0.15,0.7414449637915328,,90.6694
64,jet,1,0.15,1.0973015031894984,,29.8166
65,photon,0,0.15,0.017734967390127355,0.0,72.0334
65,photon,1,0.15,0.08352252316454353,0.0,68.7581
65,jet,0,0.15,0.5173877840909091,,119.68
65,jet,1,0.15,0.5125717378656325,,49.3289
65,jet,2,0.15,0.5529313714488769,,42.7752
65,jet,3,0.15,0.17374620151031445,,28.6298
65,jet,4,0.15,0.19567765924231922,,24.6621
65,jet,5,0.15,0.04973841357078687,,24.5999
65,jet,6,0.15,0.5539485143920216,,24.1349
65,jet,7,0.15,0.15710437433423688,,23.0938
65,jet,8,0.15,0.304373159604463,,22.3797
65,jet,9,0.15,0.5328770374350708,,22.332
65,jet,10,0.15,0.7026570602981419,,20.9028
66,photon,0,0.15,0.023766010196591483,0.0,80.1052
66,jet,0,0.15,0.4673584513561339,,79.3985
66,jet,1,0.15,0.7064208859835438,,78.7667
66,jet,2,0.15,0.5310058066349941,,61.5675
66,jet,3,0.15,0.7124718622797093,,34.2956
66,jet,4,0.15,0.04054778747183267,,24.2302
66,jet,5,0.15,0.15088383894195703,,22.6229
67,photon,0,0.15,0.02052216885157985,0.0,85.9607
67,jet,0,0.15,0.5301619274223845,,94.2274
67,jet,1,0.15,0.8569303352298602,,59.0729
67,jet,2,0.15,0.10236495465266934,,24.0808
67,jet,3,0.15,0.3880391804806087,,20.6072
68,photon,0,0.15,0.018853852602473787,0.0,135.986
68,photon,1,0.15,0.015264622464815112,0.0,130.809
68,jet,0,0.15,0.9008977891491177,,182.916
68,jet,1,0.15,0.438437251022765,,111.707
70,photon,0,0.15,0.0,0.0,107.021
70,jet,0,0.15,0.05524845249201561,,73.4245
70,jet,1,0.15,2.0581519163536606,,36.9269
70,jet,2,0.15,1.0491451222789574,,22.326
70,jet,3,0.15,0.07030516210558081,,21.2084
71,jet,0,0.15,0.3597150348612966,,134.82
71,jet,1,0.15,0.4850657825915525,,124.273
71,jet,2,0.15,0.3488335750591248,,30.6132
71,jet,3,0.15,0.5233096758844091,,27.3205
71,jet,4,0.15,0.14820728713949785,,27.1739
71,jet,5,0.15,0.3947076461769115,,25.346
71,jet,6,0.15,0.24807473361553053,,23.9785
71,jet,7,0.15,0.04368183858350661,,21.8342
71,jet,8,0.15,0.11260504973080648,,21.7873
71,jet,9,0.15,0.5062896446667503,,21.5319
71,jet,10,0.15,0.44863420145647204,,21.0646
71,jet,11,0.15,0.04813987846217841,,20.9153
72,jet,0,0.15,0.8909859942574786,,119.808
72,jet,1,0.15,0.8151825106139065,,102.931
72,jet,2,0.15,0.024263365323866547,,66.478
72,jet,3,0.15,0.16340263251874904,,31.3616
72,jet,4,0.15,0.5611473946738198,,20.1683
73,photon,0,0.15,0.012676645817479909,0.0,107.758
73,jet,0,0.15,0.8782481493686555,,124.417
73,jet,1,0.15,0.28361175756513496,,92.4273
73,jet,2,0.15,0.3537255806458748,,31.6501
73,jet,3,0.15,0.6874556802337163,,30.122
74,jet,0,0.15,0.5678025032691949,,187.355
74,jet,1,0.15,0.604123606616325,,111.24
74,jet,2,0.15,0.8549164119329962,,95.9826
74,jet,3,0.15,0.7137375462629073,,92.6228
74,jet,4,0.15,0.39991801964625934,,59.2581
74,jet,5,0.15,0.28573934054317496,,29.1361
74,jet,6,0.15,0.47005771537887875,,27.7569
74,jet,7,0.15,0.07549136265376007,,26.1365
74,jet,8,0.15,0.1591113750754983,,24.835
74,jet,9,0.15,0.3247925952139565,,20.9108
75,photon,0,0.15,0.0,0.0,102.384
75,photon,1,0.15,0.05268344951640891,0.0,56.6491
75,jet,0,0.15,0.5519582390899415,,120.256
75,jet,1,0.15,0.21206066742673693,,37.6281
75,jet,2,0.15,0.3280211503463885,,26.1556
75,jet,3,0.15,0.0,,24.9188
75,jet,4,0.15,0.14337091017973763,,24.7138
75,jet,5,0.15,0.10607310191071709,,22.9652
76,photon,0,0.15,0.0162429287388957,0.0,139.473
76,jet,0,0.15,0.7874698124303966,,31.9668
77,jet,0,0.15,0.9078169164530336,,121.704
77,jet,1,0.15,0.3860910628970012,,73.1736
77,jet,2,0.15,0.7055828734791569,,37.6025
77,jet,3,0.15,0.9507391868360466,,34.2268
77,jet,4,0.15,0.07210034973012337,,31.9961
77,jet,5,0.15,0.4906246831116069,,30.5707
77,jet,6,0.15,1.0926582999396166,,29.1472
77,jet,7,0.15,0.23944913025692968,,25.6685
77,jet,8,0.15,0.14392371818218608,,24.711
77,jet,9,0.15,0.3731269311416399,,22.5579
77,jet,10,0.15,0.41340872257784134,,22.0898
77,jet,11,0.15,0.32950675760411346,,20.7322
77,jet,12,0.15,0.1253150941423115,,20.0813
78,photon,0,0.15,0.04302503200864303,0.0,72.0118
78,jet,0,0.15,0.8580193448063252,,88.2304
78,jet,1,0.15,1.000618052074426,,67.826
78,jet,2,0.15,0.8010346055700801,,51.1016
78,jet,3,0.15,0.6882090143278854,,27.778
79,photon,0,0.15,0.07345700643917824,0.0,114.145
79,photon,1,0.15,0.04235642883360724,0.0,60.4822
79,jet,0,0.15,0.4277234979717613,,114.878
79,jet,1,0.15,0.11777643473617226,,31.2723
79,jet,2,0.15,0.4549651384693985,,26.6196
79,jet,3,0.15,0.518859392663626,,23.0877
79,jet,4,0.15,0.2587518371167798,,21.365
79,jet,5,0.15,0.30143643724696356,,20.995
80,photon,0,0.15,0.02454272647133805,0.0,65.1142
80,jet,0,0.15,0.2169629317818503,,199.551
80,jet,1,0.15,0.11735566860094693,,90.2489
80,jet,2,0.15,0.2371248382172544,,47.3629
80,jet,3,0.15,0.24053982897341927,,28.4868
80,jet,4,0.15,0.04814429536117919,,22.6868
80,jet,5,0.15,0.4141680499138563,,22.2303
81,photon,0,0.15,0.014925069218569393,0.0,148.804
81,photon,1,0.15,0.13082488173292392,0.0,24.098
81,jet,0,0.15,0.7937009665960145,,74.2606
81,jet,1,0.15,0.0,,27.3057
81,jet,2,0.15,0.8146032436708862,,25.28
82,photon,0,0.15,0.0,0.0,179.276
82,photon,1,0.15,0.052760949539689225,0.0,21.8548
82,jet,0,0.15,0.2205010904186634,,139.396
82,jet,1,0.15,0.6511530015658732,,107.927
82,jet,2,0.15,0.9999905319582825,,27.4608
83,photon,0,0.15,0.0,0.0,62.9562
83,jet,0,0.15,0.7121686326844832,,82.8748
83,jet,1,0.15,0.09516117829457363,,80.625
83,jet,2,0.15,0.30560716303405194,,55.5798
83,jet,3,0.15,0.48738473260718895,,21.7863
84,photon,0,0.15,0.011573747866196927,0.0,137.665
84,jet,0,0.15,0.4138244497578321,,163.11
84,jet,1,0.15,0.05242668802060545,,121.133
85,photon,0,0.15,0.010571898550170229,0.0,130.705
85,jet,0,0.15,0.46981103747093816,,132.476
85,jet,1,0.15,0.412826857176047,,43.0425
85,jet,2,0.15,0.11708829771585871,,38.0712
85,jet,3,0.15,0.21713507920669564,,37.9829
85,jet,4,0.15,0.4482513483692048,,37.2487
85,jet,5,0.15,0.5944622633340599,,33.4913
85,jet,6,0.15,0.5472738105896191,,32.3921
85,jet,7,0.15,0.16218548711755232,,31.7952
85,jet,8,0.15,0.07974055552804872,,24.2364
85,jet,9,0.15,0.4203743195093844,,22.6491
86,photon,0,0.15,0.048491520118933505,0.0,102.242
86,jet,0,0.15,0.5565503656331795,,111.177
86,jet,1,0.15,0.21318382916624332,,21.6538
87,photon,0,0.15,0.04041921569080964,0.0,172.942
87,photon,1,0.15,0.0414749621942392,0.0,69.7645
87,jet,0,0.15,0.660685157358711,,239.58
87,jet,1,0.15,0.13720764287736417,,25.7861
87,jet,2,0.15,0.14656210923052537,,22.7116
87,jet,3,0.15,0.2504432129090596,,21.4547
87,jet,4,0.15,0.3720473765359997,,21.403
88,photon,0,0.15,0.05329707433702615,0.0,38.3537
88,jet,0,0.15,0.4450357216046809,,141.511
88,jet,1,0.15,0.028872491396037224,,141.214
88,jet,2,0.15,0.6002782146263208,,31.6662
90,photon,0,0.15,0.007547702977439665,0.0,121.984
90,jet,0,0.15,0.5545565604259354,,109.688
90,jet,1,0.15,0.5201922931296478,,39.6166
90,jet,2,0.15,0.38417087644048215,,39.2143
90,jet,3,0.15,0.10592410695692013,,28.8116
90,jet,4,0.15,0.2266544516107923,,24.4507
90,jet,5,0.15,0.08588435856146001,,23.2875
90,jet,6,0.15,0.2940645280600725,,23.2519
90,jet,7,0.15,0.20827224614722767,,22.3151
91,photon,0,0.15,0.0,0.0,42.7782
91,jet,0,0.15,0.9335326180586129,,208.964
91,jet,1,0.15,1.504055192989549,,67.7731
91,jet,2,0.15,0.327800109971517,,56.5601
91,jet,3,0.15,0.2860382993545136,,26.9874
91,jet,4,0.15,0.45881847808784965,,23.8726
91,jet,5,0.15,0.2908636232562317,,21.1539
91,jet,6,0.15,0.0,,20.0942
92,jet,0,0.15,0.6820871900005676,,140.968
92,jet,1,0.15,0.035387592945476325,,92.1508
92,jet,2,0.15,0.6542083026737707,,77.8713
92,jet,3,0.15,0.44058881070823835,,64.6082
92,jet,4,0.15,0.08294221426852998,,47.3854
92,jet,5,0.15,0.6671657776283649,,33.6131
92,jet,6,0.15,0.17459701956044602,,23.8287
92,jet,7,0.15,0.28073075375150924,,20.8716
92,jet,8,0.15,0.0,,20.8066
93,photon,0,0.15,0.059017127478236765,0.0,84.4199
93,jet,0,0.15,0.42639027376891453,,80.031
93,jet,1,0.15,0.7731723593912657,,65.0333
93,jet,2,0.15,0.38445828782394403,,44.3132
93,jet,3,0.15,0.6209645438227084,,27.6877
93,jet,4,0.15,0.0,,23.3117
93,jet,5,0.15,0.0,,21.0717
94,photon,0,0.15,0.009183719712380913,0.0,198.596
94,jet,0,0.15,0.4945963922808474,,149.291
94,jet,1,0.15,0.565043716917732,,75.5314
94,jet,2,0.15,0.05427390703274815,,73.9981
94,jet,3,0.15,0.6493806473141727,,69.5242
94,jet,4,0.15,0.39012866194650003,,32.5271
94,jet,5,0.15,0.2115177629515582,,28.0584
94,jet,6,0.15,0.07083808361086924,,22.2794
94,jet,7,0.15,0.05842866506863407,,20.9007
94,jet,8,0.15,0.32348127635157053,,20.0415
95,photon,0,0.15,0.00858398325485569,0.0,273.751
95,jet,0,0.15,0.47270627387759123,,192.911
95,jet,1,0.15,0.5414789501354794,,123.635
95,jet,2,0.15,0.8919609213490834,,61.3839
95,jet,3,0.15,0.7833138471685104,,60.0426
96,photon,0,0.15,0.08428414590750172,0.0,62.6671
96,photon,1,0.15,0.12045907934766345,0.0,28.0714
96,jet,0,0.15,0.4827961078837287,,74.7768
96,jet,1,0.15,0.3816732275313586,,70.0365
96,jet,2,0.15,0.8993386936821707,,57.0734
96,jet,3,0.15,0.8325880007408295,,45.8945
96,jet,4,0.15,0.8258429566263709,,41.0549
96,jet,5,0.15,0.9143118027561639,,26.6675
97,photon,0,0.15,0.03751468766346392,0.0,145.292
97,jet,0,0.15,0.011879727093283853,,78.5763
97,jet,1,0.15,0.8672039042173875,,68.6847
97,jet,2,0.15,0.9569194245512193,,63.394
97,jet,3,0.15,0.6491114804625356,,28.0973
97,jet,4,0.15,0.19203639843077216,,26.1275
98,photon,0,0.15,0.01719284961811957,0.0,182.256
98,jet,0,0.15,0.8583106837066092,,118.545
98,jet,1,0.15,0.1012142070849746,,45.2394
98,jet,2,0.15,0.025007536819541352,,37.8807
98,jet,3,0.15,0.30376916694834527,,32.543
98,jet,4,0.15,0.07825475095166008,,27.2156
98,jet,5,0.15,0.46787869510368796,,27.1102
98,jet,6,0.15,0.25997349827153216,,23.0551
98,jet,7,0.15,0.29080685149621455,,22.5469
98,jet,8,0.15,0.14124734985603585,,21.6026
98,jet,9,0.15,0.523442734709778,,20.536
98,jet,10,0.15,0.0651570057314424,,20.1171
99,jet,0,0.15,0.9275096721056029,,134.769
99,jet,1,0.15,0.7408076462874497,,55.7447
99,jet,2,0.15,0.6840523603822308,,42.0165
99,jet,3,0.15,0.3426926699926735,,22.9304
99,jet,4,0.15,0.11703193487789605,,21.8789
99,jet,5,0.15,0.15377585569749208,,20.0246
100,photon,0,0.15,0.026795777969554145,0.0,85.8639
100,jet,0,0.15,0.03928712098404626,,84.0367
100,jet,1,0.15,0.04548546932184704,,24.4001
100,jet,2,0.15,0.24022318125770656,,24.33
101,photon,0,0.15,0.11194890787910783,0.0,121.232
101,jet,0,0.15,0.7017928314229955,,72.762
101,jet,1,0.15,0.05647177812136008,,72.3747
101,jet,2,0.15,0.5519287372982886,,67.609
101,jet,3,0.15,0.1538749482578969,,28.0236
101,jet,4,0.15,0.1218069111363556,,25.4401
101,jet,5,0.15,0.19569088869982212,,20.6864
102,photon,0,0.15,0.010679986117020087,0.0,178.636
102,photon,1,0.15,0.041905516541226304,0.0,92.8861
102,jet,0,0.15,1.0373977866660125,,203.765
102,jet,1,0.15,0.3365831835333366,,123.498
102,jet,2,0.15,0.5193965185928141,,106.681
102,jet,3,0.15,0.26529852511688523,,46.4986
102,jet,4,0.15,0.17571823811105278,,37.3372
102,jet,5,0.15,0.243877801692566,,35.4964
102,jet,6,0.15,0.10157331276977156,,29.9559
102,jet,7,0.15,0.09445593122209268,,25.2174
102,jet,8,0.15,0.14653690003608805,,22.168
102,jet,9,0.15,0.13260053895241125,,21.3748
102,jet,10,0.15,0.5284408693517627,,21.1836
102,jet,11,0.15,0.286556471158507,,20.63
102,jet,12,0.15,0.20132109069566168,,20.1046
103,photon,0,0.15,0.032315887811227274,0.0,190.536
103,photon,1,0.15,0.08244448339880321,0.0,125.503
103,jet,0,0.15,0.768034338877925,,177.35
103,jet,1,0.15,0.4939331761960269,,81.5847
103,jet,2,0.15,0.4467807364260453,,57.684
103,jet,3,0.15,0.3855727485249917,,52.9997
103,jet,4,0.15,0.6358468296487879,,48.717
103,jet,5,0.15,0.13344732940228665,,46.6712
103,jet,6,0.15,0.05141545376764504,,41.0243
103,jet,7,0.15,0.2771587149108763,,40.2867
103,jet,8,0.15,0.03552719311340001,,40.194
103,jet,9,0.15,0.041889159387082917,,34.915
103,jet,10,0.15,0.044469658936909275,,34.4599
103,jet,11,0.15,0.11162578210935929,,33.8188
103,jet,12,0.15,0.11317364420240526,,28.2048
103,jet,13,0.15,0.23850656128839845,,28.1652
103,jet,14,0.15,0.457803249306198,,27.6736
103,jet,15,0.15,0.05949824668571406,,25.8653
103,jet,16,0.15,0.41323035621268583,,24.957
103,jet,17,0.15,0.35684394393459606,,23.5582
103,jet,18,0.15,0.25925819705216285,,23.5359
103,jet,19,0.15,0.3636623950105843,,21.9665
103,jet,20,0.15,0.0,,21.8998
103,jet,21,0.15,0.43065239278423845,,21.6526
103,jet,22,0.15,0.1290283650922117,,20.8813
103,jet,23,0.15,0.8196278121470761,,20.0114
104,photon,0,0.15,0.015101669195751137,0.0,293.255
104,jet,0,0.15,0.5821950781044648,,213.048
104,jet,1,0.15,0.1421545597366649,,60.1515
104,jet,2,0.15,0.03565055416899973,,35.5397
104,jet,3,0.15,0.027822759107762933,,33.982
104,jet,4,0.15,0.5063479530687462,,25.7483
104,jet,5,0.15,0.0800186430493938,,24.2986
104,jet,6,0.15,0.4941414842161947,,20.6129
105,jet,0,0.15,0.8841251228577193,,307.266
105,jet,1,0.15,0.2501919436982497,,153.743
105,jet,2,0.15,0.40595444052367746,,94.7377
105,jet,3,0.15,0.47911964552923153,,85.8745
105,jet,4,0.15,0.48487450829262535,,57.6054
105,jet,5,0.15,0.13350522131729156,,31.8502
105,jet,6,0.15,0.1693077993019132,,26.6729
105,jet,7,0.15,0.04992157324078975,,20.4012
106,photon,0,0.15,0.013448955358002503,0.0,77.8975
106,photon,1,0.15,0.029302400457911493,0.0,55.906
106,jet,0,0.15,0.5101210158841945,,72.7012
106,jet,1,0.15,0.6789835411323566,,47.2572
106,jet,2,0.15,0.15567935633143284,,32.5882
106,jet,3,0.15,0.15925104511441843,,26.6478
106,jet,4,0.15,0.38495757335768493,,24.7486
106,jet,5,0.15,0.2094872851062218,,21.1209
106,jet,6,0.15,0.29071526921545393,,20.8439
106,jet,7,0.15,0.8262999922417471,,20.6232
107,photon,0,0.15,0.0,0.0,73.2606
107,photon,1,0.15,0.0688922108027977,0.0,40.2044
107,jet,0,0.15,0.4801655544944668,,67.6454
107,jet,1,0.15,0.3205579101831644,,67.1255
107,jet,2,0.15,0.4893955204598306,,66.1809
107,jet,3,0.15,0.7991904250697326,,63.5284
107,jet,4,0.15,0.37676273745912037,,44.7656
109,photon,0,0.15,0.15643430917143786,0.0,69.4275
109,jet,0,0.15,0.0,,114.107
109,jet,1,0.15,0.37393198418119644,,95.3043
109,jet,2,0.15,0.7169066847027499,,41.9899
109,jet,3,0.15,0.05537180446379121,,30.8751
109,jet,4,0.15,0.2925218315913307,,26.5212
109,jet,5,0.15,0.9492781681549798,,24.5916
109,jet,6,0.15,0.38822265525281235,,23.5036
110,photon,0,0.15,0.016524790584451117,0.0,86.8011
110,photon,1,0.15,0.18895298423751244,0.0,25.7637
110,jet,0,0.15,0.5136558376605229,,54.3848
110,jet,1,0.15,0.4022924261174151,,47.677
110,jet,2,0.15,0.6497288575344601,,43.6302
110,jet,3,0.15,0.17982808438400735,,28.2755
110,jet,4,0.15,0.4255290354512481,,27.0738
112,photon,0,0.15,0.02131134380152448,0.0,115.843
112,jet,0,0.15,0.39532182384082304,,212.694
112,jet,1,0.15,0.8675143170439857,,99.9508
112,jet,2,0.15,0.17266073364139428,,35.058
112,jet,3,0.15,0.04695746722097858,,31.27
112,jet,4,0.15,0.48516854296590267,,30.8675
112,jet,5,0.15,0.064299873214503,,25.4761
112,jet,6,0.15,0.1739426587504692,,23.4456
112,jet,7,0.15,0.1101396219615633,,22.7543
112,jet,8,0.15,0.04715778180347187,,22.7428
112,jet,9,0.15,0.3245057730764927,,20.5523
113,photon,0,0.15,0.02919529868598967,0.0,43.2645
113,jet,0,0.15,0.0353583043246992,,148.519
113,jet,1,0.15,0.05594460867228379,,75.9108
113,jet,2,0.15,0.05454742093842675,,43.7349
113,jet,3,0.15,0.07272192718748759,,37.7545
113,jet,4,0.15,0.06401276695439982,,32.8661
113,jet,5,0.15,0.0,,29.4803
113,jet,6,0.15,0.0,,29.0997
113,jet,7,0.15,0.16385515947738924,,27.6152
113,jet,8,0.15,0.1941324597678618,,26.5273
113,jet,9,0.15,0.1287859452914655,,25.1076
113,jet,10,0.15,0.0,,24.8236
113,jet,11,0.15,0.04245620767217906,,24.4963
113,jet,12,0.15,0.3213830354257511,,23.8273
113,jet,13,0.15,0.11579571537872993,,23.526
113,jet,14,0.15,0.27931452319911293,,21.1021
113,jet,15,0.15,0.2912276252983294,,20.112
114,photon,0,0.15,0.032220220994594526,0.0,92.5543
114,jet,0,0.15,0.5204228999801417,,120.856
114,jet,1,0.15,0.47933711452070304,,95.3845
114,jet,2,0.15,0.5523531577010045,,30.4272
114,jet,3,0.15,0.15592640205688574,,28.6258
114,jet,4,0.15,0.7449942588441139,,25.6046
114,jet,5,0.15,0.03994368495255596,,25.2508
115,jet,0,0.15,1.0224675774937564,,170.175
115,jet,1,0.15,0.5109386558601546,,166.813
115,jet,2,0.15,0.19229982836248666,,61.2337
115,jet,3,0.15,0.10823987740439633,,60.2958
115,jet,4,0.15,0.47293538899363746,,56.6436
115,jet,5,0.15,0.09254644185842593,,31.9324
115,jet,6,0.15,0.2226934714434431,,30.8353
115,jet,7,0.15,0.24835366425660396,,28.7821
115,jet,8,0.15,0.07393892343273796,,27.7586
115,jet,9,0.15,0.038371582836857314,,27.5777
115,jet,10,0.15,0.7167339951437623,,27.0168
115,jet,11,0.15,0.12831436729211457,,26.6529
115,jet,12,0.15,0.12200260789264043,,25.2311
115,jet,13,0.15,0.0,,25.0012
115,jet,14,0.15,0.30083119453810414,,23.8452
115,jet,15,0.15,0.13944572174237246,,20.9209
117,photon,0,0.15,0.019893219276885487,0.0,47.5554
117,jet,0,0.15,0.6055431726468831,,96.1002
117,jet,1,0.15,0.43357068244049274,,80.8935
117,jet,2,0.15,0.5472653143690472,,38.6059
117,jet,3,0.15,0.21491780480445025,,30.4884
117,jet,4,0.15,0.20551218348609016,,24.7343
117,jet,5,0.15,0.1014460842447402,,22.767
117,jet,6,0.15,0.8535096766660504,,20.5546
117,jet,7,0.15,0.4965502911425205,,20.4539
118,photon,0,0.15,0.032888080742042254,0.0,146.838
118,jet,0,0.15,0.5591578253777936,,185.154
118,jet,1,0.15,0.6823098866640979,,75.263
118,jet,2,0.15,0.4615668002466092,,64.88
118,jet,3,0.15,0.45996942630352505,,29.5679
118,jet,4,0.15,0.5149378707614188,,24.5778
118,jet,5,0.15,0.14663165590047744,,24.2116
118,jet,6,0.15,0.5079712007206444,,22.6464
119,photon,0,0.15,0.0,0.0,209.984
119,jet,0,0.15,0.5024547883803121,,116.01
119,jet,1,0.15,0.9124649172917391,,64.4192
119,jet,2,0.15,0.2211175549704689,,28.106
119,jet,3,0.15,0.21548033553167573,,21.9711
120,photon,0,0.15,0.013302892401041344,0.0,97.566
120,jet,0,0.15,1.13102503694476,,163.758
120,jet,1,0.15,0.6496495354448948,,80.3134
120,jet,2,0.15,0.44846310531069694,,43.3992
120,jet,3,0.15,0.4631104547748463,,24.1746
120,jet,4,0.15,0.8108568518510788,,23.9563
121,photon,0,0.15,0.039070716682526166,0.0,159.736
121,photon,1,0.15,0.02382501807664498,0.0,67.4904
121,jet,0,0.15,0.38793848941920855,,160.574
121,jet,1,0.15,0.1327868834498324,,36.5096
121,jet,2,0.15,0.07946507569300702,,24.639
124,photon,0,0.15,0.04598657209298935,0.0,137.177
124,photon,1,0.15,0.031578487837277396,0.0,32.0693
124,jet,0,0.15,0.49537462248398006,,165.887
124,jet,1,0.15,0.6152476960023582,,23.0686
125,photon,0,0.15,0.039522446920437576,0.0,99.7041
125,jet,0,0.15,0.2956024531277378,,71.3375
125,jet,1,0.15,0.06414080734299984,,33.0764
125,jet,2,0.15,0.5565496426836883,,28.826
125,jet,3,0.15,0.21193859686277833,,28.3308
125,jet,4,0.15,0.04974256539859196,,25.4822
125,jet,5,0.15,1.1052664247899597,,24.9714
125,jet,6,0.15,0.16526896198247595,,24.5834
125,jet,7,0.15,0.19248211841169055,,24.0331
125,jet,8,0.15,0.18673647068552815,,21.7657
126,jet,0,0.15,0.6050627055734934,,132.556
126,jet,1,0.15,0.19358501829885533,,30.8216
126,jet,2,0.15,0.8476770014273287,,23.6806
127,photon,0,0.15,0.0781729493674267,0.0,89.8552
127,photon,1,0.15,0.08848436053405771,0.0,37.6963
127,jet,0,0.15,0.6035780433843455,,76.387
127,jet,1,0.15,0.7256337305865557,,51.4785
127,jet,2,0.15,0.16907035464248826,,34.852
127,jet,3,0.15,0.5978446665828003,,31.0017
127,jet,4,0.15,0.19869195594476194,,21.8907
128,photon,0,0.15,0.015400025312336148,0.0,110.618
128,jet,0,0.15,0.5573144390310051,,61.9446
128,jet,1,0.15,0.12821442489835408,,51.5761
128,jet,2,0.15,0.28462322089720093,,27.3874
130,photon,0,0.15,0.03783689951327374,0.0,148.338
130,jet,0,0.15,0.7511977751064567,,147.243
130,jet,1,0.15,0.416984236606295,,115.838
130,jet,2,0.15,0.7034015877768189,,51.1029
130,jet,3,0.15,0.7135951635979231,,47.1094
130,jet,4,0.15,0.5673791491070185,,36.6133
130,jet,5,0.15,0.24064435396849865,,33.0843
130,jet,6,0.15,0.22408850491489438,,32.5948
130,jet,7,0.15,0.1856937662512544,,31.1899
130,jet,8,0.15,0.7054760299563276,,30.1105
130,jet,9,0.15,0.2332549166449596,,24.5696
130,jet,10,0.15,0.04150821402369174,,23.3077
130,jet,11,0.15,0.18726422225989273,,21.8267
131,photon,0,0.15,0.108827805366861,0.0,36.1254
131,jet,0,0.15,0.8824278795357918,,118.309
131,jet,1,0.15,0.34687390531684936,,93.6344
131,jet,2,0.15,0.04691097698981517,,79.53
131,jet,3,0.15,0.4092533586558463,,49.1789
131,jet,4,0.15,0.5279230358144485,,45.2834
131,jet,5,0.15,0.3170280250475781,,32.578
131,jet,6,0.15,0.7350315619199317,,32.2699
131,jet,7,0.15,0.09786522615677488,,28.4714
131,jet,8,0.15,0.15507508715473317,,28.3404
131,jet,9,0.15,0.13798667791081706,,26.9177
131,jet,10,0.15,0.17593327258158278,,25.4588
131,jet,11,0.15,0.09204319479413431,,24.1881
131,jet,12,0.15,0.41165762547411133,,22.674
131,jet,13,0.15,0.13587886518791487,,21.1665
131,jet,14,0.15,0.3686245026036252,,20.6827
131,jet,15,0.15,0.18678814476551958,,20.2341
131,jet,16,0.15,0.3475023228313202,,20.1263
132,photon,0,0.15,0.017843822204816916,0.0,127.675
132,photon,1,0.15,0.032855995191038254,0.0,53.4003
132,jet,0,0.15,0.7526604051392547,,78.8519
132,jet,1,0.15,0.3709792985444125,,75.8594
132,jet,2,0.15,0.33280612860178915,,50.5825
132,jet,3,0.15,0.802000136697755,,48.2817
132,jet,4,0.15,0.5573815450712407,,37.5206
132,jet,5,0.15,0.1877029823455033,,31.5557
132,jet,6,0.15,0.37765882880156887,,26.1083
132,jet,7,0.15,0.4431335128595402,,25.623
132,jet,8,0.15,0.3925435184384815,,24.2943
132,jet,9,0.15,0.4316451978156505,,23.9339
132,jet,10,0.15,0.407017407585343,,22.2719
132,jet,11,0.15,0.044746641237950475,,21.1834
132,jet,12,0.15,0.23538357205382995,,20.7914
134,photon,0,0.15,0.022822706228710576,0.0,42.8323
134,jet,0,0.15,0.9645921588404499,,107.076
134,jet,1,0.15,0.48168097963435347,,50.6883
134,jet,2,0.15,0.6356274738698381,,44.2879
134,jet,3,0.15,0.14573672779651228,,26.6591
135,photon,0,0.15,0.009054128314328891,0.0,101.906
135,jet,0,0.15,0.4831643610866449,,115.806
135,jet,1,0.15,0.5457912869208379,,104.785
135,jet,2,0.15,0.6221470779109882,,99.5418
135,jet,3,0.15,0.5875316000941239,,79.4697
135,jet,4,0.15,0.04088926938559901,,54.899
135,jet,5,0.15,0.42024715822306546,,49.7576
135,jet,6,0.15,0.30988953840219724,,45.1107
135,jet,7,0.15,0.1515101014697183,,35.1632
135,jet,8,0.15,0.07166544631173452,,34.0065
135,jet,9,0.15,0.7187330765966645,,24.9802
135,jet,10,0.15,0.15366136857276252,,24.6315
135,jet,11,0.15,0.38366292804303403,,23.8323
135,jet,12,0.15,0.04855957822003095,,22.2296
135,jet,13,0.15,0.050980337958612044,,21.7068
135,jet,14,0.15,0.4554403466862386,,21.3911
135,jet,15,0.15,0.21926580438038826,,20.4959
135,jet,16,0.15,0.27694072771406636,,20.1865
138,photon,0,0.15,0.04089737671750852,0.0,101.819
138,jet,0,0.15,0.0870047219604147,,106.1
138,jet,1,0.15,0.3536802023541874,,91.7599
138,jet,2,0.15,0.19597722445187854,,38.3218
138,jet,3,0.15,0.06897791136460739,,33.4697
138,jet,4,0.15,0.1548300455037355,,30.6788
138,jet,5,0.15,0.11659877780037407,,29.9951
138,jet,6,0.15,0.11301802125584023,,29.2155
138,jet,7,0.15,0.24701974890092473,,29.0244
138,jet,8,0.15,0.07335554993528423,,26.8868
138,jet,9,0.15,0.0555304520868713,,26.7338
138,jet,10,0.15,0.5321649552395997,,24.3072
138,jet,11,0.15,0.1524276901402438,,23.4235
138,jet,12,0.15,0.0,,22.6835
138,jet,13,0.15,0.7551668015384475,,21.9962
138,jet,14,0.15,0.18551943129714538,,21.6352
139,photon,0,0.15,0.011069689927397916,0.0,173.411
139,photon,1,0.15,0.06060560473313368,0.0,57.3658
139,jet,0,0.15,0.6051112981256445,,226.958
139,jet,1,0.15,0.13545433108807758,,48.7695
139,jet,2,0.15,0.3931755638692039,,22.2392
139,jet,3,0.15,0.33650554092214235,,21.0705
140,jet,0,0.15,0.5729459710600527,,216.31
140,jet,1,0.15,0.623770559146878,,83.9833
140,jet,2,0.15,0.5911858932447629,,45.8844
140,jet,3,0.15,0.08141690874486626,,37.9354
140,jet,4,0.15,0.39904183179216196,,21.5745
140,jet,5,0.15,0.43217633823943,,21.334
141,photon,0,0.15,0.0,0.0,164.865
141,jet,0,0.15,0.7176378762385492,,160.47
141,jet,1,0.15,0.5809936076849149,,87.7147
141,jet,2,0.15,0.6920885201516745,,86.1318
141,jet,3,0.15,0.3043253728495564,,28.3023
141,jet,4,0.15,0.10930413075563493,,27.4405
141,jet,5,0.15,0.09677905322075704,,26.3525
141,jet,6,0.15,0.2870489890808987,,23.8298
141,jet,7,0.15,0.0,,21.9407
141,jet,8,0.15,0.1393212837283447,,21.3285
141,jet,9,0.15,0.05658823026381426,,21.0489
141,jet,10,0.15,0.8790380868458413,,20.427
142,photon,0,0.15,0.02814166974669291,0.0,116.341
142,jet,0,0.15,1.0924663849881946,,80.47
142,jet,1,0.15,0.4311841868043082,,59.9044
142,jet,2,0.15,0.19180623430832652,,38.7148
142,jet,3,0.15,0.30811346205417006,,37.29
142,jet,4,0.15,0.03728437760348381,,30.1279
142,jet,5,0.15,0.10662693921492851,,28.9808
142,jet,6,0.15,0.2624703127738029,,26.8213
142,jet,7,0.15,0.20035949295862707,,25.5916
142,jet,8,0.15,0.5071552175058698,,25.4269
142,jet,9,0.15,0.20995282811795363,,25.0573
142,jet,10,0.15,0.4379479927889161,,23.7967
142,jet,11,0.15,0.04226562212659531,,21.7512
142,jet,12,0.15,0.21029558160930387,,21.1955
142,jet,13,0.15,0.07180101947302459,,20.1869
143,jet,0,0.15,1.9469964974777059,,167.308
143,jet,1,0.15,0.04144854586810402,,82.1693
143,jet,2,0.15,0.5466216130901357,,71.2781
143,jet,3,0.15,0.6534982829046175,,20.9074
143,jet,4,0.15,0.13371408343263416,,20.0569
144,photon,0,0.15,0.01587481909783325,0.0,147.179
144,photon,1,0.15,0.08375336697909155,0.0,86.6875
144,jet,0,0.15,0.7141698600451467,,27.6875
144,jet,1,0.15,0.7665609813832379,,21.5451
144,jet,2,0.15,0.22704745349105623,,21.2271
145,photon,0,0.15,0.03503345204039933,0.0,85.645
145,jet,0,0.15,0.40395271928532855,,97.7904
145,jet,1,0.15,0.1739470792486874,,76.2612
145,jet,2,0.15,0.6852990629890379,,51.5042
145,jet,3,0.15,0.2755172214388342,,22.4807
145,jet,4,0.15,0.07234738231070749,,20.6136
145,jet,5,0.15,0.10489401815161421,,20.5271
146,jet,0,0.15,0.6700733922362421,,101.523
146,jet,1,0.15,0.6211553728424402,,98.1259
146,jet,2,0.15,0.7118847393948049,,54.6171
146,jet,3,0.15,0.7016388390752105,,53.8674
146,jet,4,0.15,0.7604519635936319,,49.1013
147,photon,0,0.15,0.029838024383053257,0.0,115.326
147,jet,0,0.15,0.4311560149782461,,158.363
147,jet,1,0.15,0.7873199720449986,,133.071
147,jet,2,0.15,0.6792676981581416,,94.5621
147,jet,3,0.15,0.4794838246281451,,55.4114
147,jet,4,0.15,0.17118622958149043,,31.3135
147,jet,5,0.15,1.1314413267797272,,30.721
147,jet,6,0.15,0.5899895836777885,,30.241
147,jet,7,0.15,0.17804518626598137,,28.8539
147,jet,8,0.15,0.0,,27.7262
147,jet,9,0.15,0.4000324200371645,,25.293
147,jet,10,0.15,0.7317692478437341,,25.2288
147,jet,11,0.15,0.2614560169427427,,23.7978
147,jet,12,0.15,0.318034008954368,,22.6705
147,jet,13,0.15,0.1789832795151944,,22.607
147,jet,14,0.15,0.18376877378012146,,20.9734
147,jet,15,0.15,0.10960965413663301,,20.9071
147,jet,16,0.15,0.3570403213835966,,20.8847
147,jet,17,0.15,0.20408634678857404,,20.6933
147,jet,18,0.15,0.5535743949591867,,20.2507
147,jet,19,0.15,0.11524939323393926,,20.189
147,jet,20,0.15,0.40460966691310174,,20.0188
148,photon,0,0.15,0.015680325557032918,0.0,173.733
148,jet,0,0.15,1.1933260036125053,,140.069
148,jet,1,0.15,0.48552258319149455,,121.617
148,jet,2,0.15,0.5819722125392162,,50.2025
148,jet,3,0.15,0.39966779245188644,,37.9883
148,jet,4,0.15,0.2168601688870169,,29.4398
148,jet,5,0.15,0.32107940425817716,,23.8224
148,jet,6,0.15,0.1634242288021306,,23.5802
149,photon,0,0.15,0.04665727018900344,0.0,111.744
149,jet,0,0.15,0.48357483989440264,,283.719
149,jet,1,0.15,0.11589914374479048,,197.955
149,jet,2,0.15,0.43606960124349325,,67.4873
149,jet,3,0.15,0.2582244451881445,,38.2472
149,jet,4,0.15,0.29516141937517426,,24.7461
150,photon,0,0.15,0.04082034686679978,0.0,78.4278
150,photon,1,0.15,0.0,0.0,51.1326
150,jet,0,0.15,0.4503597771452795,,165.13
150,jet,1,0.15,0.28577521131106537,,36.2972
150,jet,2,0.15,0.07437053198588617,,25.0251
150,jet,3,0.15,0.7335670198944882,,24.0921
151,photon,0,0.15,0.0,0.0,187.694
151,jet,0,0.15,0.6340244301282966,,91.117
151,jet,1,0.15,1.2263600294221437,,87.2812
151,jet,2,0.15,0.9480418373583471,,64.9563
151,jet,3,0.15,0.6081373371040402,,35.1835
151,jet,4,0.15,0.4947325526903012,,32.2213
151,jet,5,0.15,0.045481219952524486,,24.9813
151,jet,6,0.15,0.5433356820744081,,21.288
152,photon,0,0.15,0.011475918411907057,0.0,219.836
152,photon,1,0.15,0.0,0.0,92.0742
152,jet,0,0.15,0.6472425432147423,,197.907
152,jet,1,0.15,0.8647883436237097,,79.7023
152,jet,2,0.15,0.1382373615093666,,26.8881
153,jet,0,0.15,0.7122041919736617,,140.936
153,jet,1,0.15,0.4350680178572983,,114.911
153,jet,2,0.15,0.012024666810516062,,99.1778
153,jet,3,0.15,0.6831698526255379,,86.4261
153,jet,4,0.15,0.6970250106717374,,20.6152
154,jet,0,0.15,0.5725127112741456,,172.288
154,jet,1,0.15,0.6321404739014874,,79.5735
154,jet,2,0.15,0.3365616198279766,,59.3989
154,jet,3,0.15,0.09972675983627714,,27.119
155,photon,0,0.15,0.004971641187656281,0.0,200.361
155,jet,0,0.15,0.2973658109184362,,99.0673
155,jet,1,0.15,0.40462142831478193,,91.8439
155,jet,2,0.15,0.8406382501166098,,57.0278
155,jet,3,0.15,0.043380624580255205,,26.2064
155,jet,4,0.15,0.06613089045748038,,23.2622
155,jet,5,0.15,0.9289605086245244,,20.0069
156,jet,0,0.15,0.9449173116359065,,166.287
156,jet,1,0.15,0.7017163882480475,,143.908
156,jet,2,0.15,0.7114953420035036,,99.0984
156,jet,3,0.15,0.5451238125229623,,57.159
156,jet,4,0.15,0.7904806552534929,,41.1688
156,jet,5,0.15,0.3469394259147175,,37.3394
156,jet,6,0.15,0.19850451532059923,,30.4851
156,jet,7,0.15,0.4767303934965185,,24.5161
156,jet,8,0.15,0.13437023331377768,,22.159
156,jet,9,0.15,0.12167006604506606,,20.592
157,photon,0,0.15,0.07731478945719784,0.0,55.8675
157,jet,0,0.15,0.6709797966043998,,117.505
157,jet,1,0.15,0.348449696598123,,98.5162
157,jet,2,0.15,0.5551769028709646,,90.8719
157,jet,3,0.15,0.748903295400765,,23.4539
158,photon,0,0.15,0.040400982696005124,0.0,187.24
158,photon,1,0.15,0.34519547857632665,0.0,22.6035
158,jet,0,0.15,0.6524222955906762,,110.856
158,jet,1,0.15,0.19131240102080957,,79.3096
158,jet,2,0.15,0.3524892477204388,,51.3147
158,jet,3,0.15,0.032852072651429566,,28.7675
158,jet,4,0.15,0.2718184501509889,,26.4258
159,photon,0,0.15,0.1448865616836614,0.0,51.5258
159,jet,0,0.15,0.6985196576537994,,154.113
159,jet,1,0.15,0.524984410960191,,89.4218
159,jet,2,0.15,1.165441162523828,,84.3544
160,photon,0,0.15,0.0,0.0,293.905
160,jet,0,0.15,0.8166754823069026,,186.033
160,jet,1,0.15,0.5641324510894458,,122.264
160,jet,2,0.15,0.15886194040266777,,89.5577
160,jet,3,0.15,0.5999688067466551,,62.8341
160,jet,4,0.15,0.843683682729732,,46.1701
160,jet,5,0.15,0.5901219957923265,,44.8704
160,jet,6,0.15,0.2487599561695019,,27.8345
160,jet,7,0.15,0.036643117685150974,,27.3331
160,jet,8,0.15,0.11236886356514562,,22.6577
160,jet,9,0.15,0.05054116356181393,,20.7793
161,photon,0,0.15,0.054677693565459734,0.0,70.7603
161,jet,0,0.15,0.6965266957352165,,63.6656
161,jet,1,0.15,0.5992893776972062,,41.3159
161,jet,2,0.15,0.0,,20.4743
162,photon,0,0.15,0.012379491861815906,0.0,93.3132
162,photon,1,0.15,0.03602237343077524,0.0,54.7882
162,jet,0,0.15,0.8912044784326834,,74.1956
162,jet,1,0.15,0.742831192216621,,25.2127
163,photon,0,0.15,0.014287307562087988,0.0,75.3165
163,jet,0,0.15,0.5154890116509199,,116.214
163,jet,1,0.15,1.0210575236204282,,82.1958
163,jet,2,0.15,0.3858132715319491,,33.8288
163,jet,3,0.15,0.11262618946527135,,20.0195
164,photon,0,0.15,0.0173742354571856,0.0,72.7232
164,jet,0,0.15,0.51670979164951,,121.43
164,jet,1,0.15,0.3483336279362087,,101.832
164,jet,2,0.15,0.07210704296813066,,78.8375
164,jet,3,0.15,0.563380408950601,,47.5901
164,jet,4,0.15,0.44766135682404223,,38.1995
164,jet,5,0.15,0.0691662759741951,,36.4737
164,jet,6,0.15,0.08285081696241291,,27.8899
164,jet,7,0.15,0.27155119219928386,,26.254
164,jet,8,0.15,0.24289203434808937,,24.6069
164,jet,9,0.15,0.8612793521210117,,22.9796
164,jet,10,0.15,0.2987396967656551,,21.5345
164,jet,11,0.15,0.07688671289581094,,20.7517
166,photon,0,0.15,0.0418064301796805,0.0,87.8949
166,photon,1,0.15,0.019254532091197728,0.0,53.6066
167,photon,0,0.15,0.026736299335186543,0.0,46.1182
167,jet,0,0.15,0.011590937736324679,,126.944
167,jet,1,0.15,0.929562232579361,,75.3962
168,photon,0,0.15,0.025528409734505562,0.0,229.534
168,photon,1,0.15,0.02473242888004203,0.0,52.7243
168,jet,0,0.15,0.469870014588167,,185.767
168,jet,1,0.15,0.07544059178533524,,31.5655
170,photon,0,0.15,0.007605385538553855,0.0,119.988
170,jet,0,0.15,0.6511892320338187,,102.192
170,jet,1,0.15,0.4237508400834777,,56.542
170,jet,2,0.15,0.29900094909835656,,56.0532
170,jet,3,0.15,0.07691096631297002,,38.828
170,jet,4,0.15,0.4185137785057617,,34.6772
170,jet,5,0.15,0.15986503347802397,,34.1418
170,jet,6,0.15,0.1321230291653677,,30.1522
170,jet,7,0.15,0.11680982837532818,,27.1581
170,jet,8,0.15,0.3349622435966553,,26.8961
170,jet,9,0.15,0.4975055797763464,,25.9419
170,jet,10,0.15,0.2571870161639933,,25.8352
170,jet,11,0.15,0.3602024738830231,,25.0699
170,jet,12,0.15,0.1458916566805198,,23.5326
170,jet,13,0.15,0.38574763978369886,,22.4132
170,jet,14,0.15,0.21821846760129548,,22.0765
170,jet,15,0.15,0.23502520241760746,,21.9225
170,jet,16,0.15,0.262047007618986,,21.6433
170,jet,17,0.15,0.10067705449275081,,20.7679
171,jet,0,0.15,0.671600363719027,,140.768
171,jet,1,0.15,0.6225915994461173,,136.491
171,jet,2,0.15,0.7358423722455106,,61.309
171,jet,3,0.15,0.7754998929198612,,58.3675
171,jet,4,0.15,0.11700604067415443,,23.6563
172,photon,0,0.15,0.007975942858188517,0.0,163.943
172,jet,0,0.15,0.6243667606651202,,143.974
172,jet,1,0.15,0.33619417488202963,,93.3921
172,jet,2,0.15,0.08228373087195662,,25.8717
172,jet,3,0.15,0.2560548093587522,,23.08
172,jet,4,0.15,0.0,,22.3398
173,photon,0,0.15,0.16113987251173376,0.0,78.1719
173,photon,1,0.15,0.130651436839079,0.0,64.0016
173,jet,0,0.15,0.8297773501325296,,137.705
173,jet,1,0.15,0.6197885524951311,,118.611
173,jet,2,0.15,0.11941560416615289,,24.3294
173,jet,3,0.15,0.3019182684201652,,23.724
173,jet,4,0.15,0.26485014807159546,,23.0294
173,jet,5,0.15,0.41349761966512666,,22.7489
173,jet,6,0.15,0.2130790424322441,,21.8136
173,jet,7,0.15,0.05176308567239005,,20.1862
174,photon,0,0.15,0.018225956349914984,0.0,257.594
174,jet,0,0.15,0.5921699437082395,,125.418
174,jet,1,0.15,0.676235169633928,,98.1938
174,jet,2,0.15,0.8850585029887394,,81.7736
174,jet,3,0.15,0.045968423034508724,,37.179
174,jet,4,0.15,0.28282731854317783,,36.7677
174,jet,5,0.15,0.27479450264328087,,35.9591
174,jet,6,0.15,0.27081840475674385,,23.5287
174,jet,7,0.15,0.5659413930595036,,20.9668
175,photon,0,0.15,0.012102948852716124,0.0,83.1442
175,jet,0,0.15,0.7518018683306873,,108.332
175,jet,1,0.15,0.0295740130360714,,108.008
175,jet,2,0.15,0.25343883187001215,,91.8117
175,jet,3,0.15,0.6227502740567527,,29.4647
175,jet,4,0.15,0.452175221074321,,27.9544
175,jet,5,0.15,0.5062603158767304,,27.2638
175,jet,6,0.15,0.0,,24.1154
176,photon,0,0.15,0.034713609399954375,0.0,105.192
176,photon,1,0.15,0.0827306440331708,0.0,97.5074
176,jet,0,0.15,0.6693807075974578,,121.001
176,jet,1,0.15,0.42738690530307955,,46.1958
176,jet,2,0.15,0.38062927940820324,,36.3368
176,jet,3,0.15,0.12979324359142638,,20.5701
177,photon,0,0.15,0.017210149372502856,0.0,120.638
177,jet,0,0.15,0.5227546548831581,,218.158
177,jet,1,0.15,0.43197440868384396,,91.6092
177,jet,2,0.15,0.49048197209149097,,89.8579
177,jet,3,0.15,0.7961564962218473,,34.0775
177,jet,4,0.15,0.6932520163627631,,24.1524
177,jet,5,0.15,0.2015176661326375,,20.8478
178,photon,0,0.15,0.007177713454022142,0.0,183.447
178,jet,0,0.15,0.7759403334112854,,149.665
178,jet,1,0.15,0.6749021283489601,,74.0715
178,jet,2,0.15,0.6222400126033061,,62.2059
178,jet,3,0.15,0.039132040443561666,,30.0567
178,jet,4,0.15,0.14575942992798163,,25.0214
178,jet,5,0.15,0.7478144321828285,,20.4432
178,jet,6,0.15,0.19781290559568998,,20.4175
179,photon,0,0.15,0.0,0.0,91.3993
179,jet,0,0.15,0.22445026093760528,,99.4299
179,jet,1,0.15,0.5163823216281137,,45.4612
179,jet,2,0.15,0.42204036549854396,,41.8278
179,jet,3,0.15,0.03617180495793072,,41.1583
179,jet,4,0.15,0.6119077537839043,,31.8322
179,jet,5,0.15,0.0,,22.1293
179,jet,6,0.15,0.5095343823111151,,21.799
180,jet,0,0.15,0.8892897489802585,,119.393
180,jet,1,0.15,0.5297901838035617,,97.9524
180,jet,2,0.15,0.13540893694551057,,47.9157
180,jet,3,0.15,0.4752511301747766,,28.093
181,photon,0,0.15,0.0,0.0,85.3513
181,jet,0,0.15,0.10553119336935898,,91.7679
181,jet,1,0.15,0.506788582272216,,85.2639
181,jet,2,0.15,0.3052971923743501,,64.9125
181,jet,3,0.15,0.0,,21.7371
182,photon,0,0.15,0.04994311175120393,0.0,111.095
182,photon,1,0.15,0.0,0.0,81.1286
182,jet,0,0.15,0.5851473984385956,,171.128
182,jet,1,0.15,0.25974773518071537,,25.5208
182,jet,2,0.15,0.1986897377199889,,21.9727
183,jet,0,0.15,1.6222838599716884,,98.3344
183,jet,1,0.15,0.8121711287477424,,66.5534
183,jet,2,0.15,0.3987492800131655,,53.4732
183,jet,3,0.15,0.5883738420523034,,38.5596
183,jet,4,0.15,0.5786653332645386,,32.9483
183,jet,5,0.15,0.835442121224858,,30.9293
183,jet,6,0.15,0.0,,20.2628
184,photon,0,0.15,0.010479557907890295,0.0,278.494
184,photon,1,0.15,0.05500097599781966,0.0,27.1517
184,jet,0,0.15,0.4453628772696909,,131.736
184,jet,1,0.15,0.9181156412861705,,88.3802
184,jet,2,0.15,0.933705943061136,,39.0489
184,jet,3,0.15,0.09760475884108719,,28.4439
184,jet,4,0.15,0.7972849784265649,,26.3055
185,jet,0,0.15,0.646501275322837,,149.766
185,jet,1,0.15,0.5421158234057464,,107.025
185,jet,2,0.15,0.5722390119321373,,88.8441
185,jet,3,0.15,0.7839100750466992,,45.7715
185,jet,4,0.15,0.36326076676851454,,32.9904
185,jet,5,0.15,0.445737101352158,,25.9659
185,jet,6,0.15,0.34443426227348856,,21.2572
186,photon,0,0.15,0.021479195316081178,0.0,191.976
186,jet,0,0.15,0.47693173071261497,,186.819
186,jet,1,0.15,0.4909240724898576,,95.2685
186,jet,2,0.15,0.04319096839925722,,30.4265
186,jet,3,0.15,0.7558988438533468,,22.4366
187,photon,0,0.15,0.038528343795106466,0.0,59.7891
187,jet,0,0.15,0.1296363265107094,,65.6248
187,jet,1,0.15,0.4988237091353498,,29.457
187,jet,2,0.15,0.10638189464133034,,28.6545
187,jet,3,0.15,0.30188319026765603,,24.0682
187,jet,4,0.15,0.1992006454838856,,21.999
187,jet,5,0.15,0.0,,21.8428
187,jet,6,0.15,0.1349938009005978,,21.6967
187,jet,7,0.15,0.11936171197009789,,21.6172
187,jet,8,0.15,0.3310391706195902,,20.449
187,jet,9,0.15,0.0,,20.2921
188,jet,0,0.15,0.7821941867625318,,80.2238
188,jet,1,0.15,0.36925786062943183,,27.5137
188,jet,2,0.15,0.27073687937825575,,27.3939
188,jet,3,0.15,0.09170963940082315,,26.8969
188,jet,4,0.15,0.21033690482572703,,26.1142
188,jet,5,0.15,0.6015525023180255,,26.0998
188,jet,6,0.15,0.27279429418241724,,24.1578
188,jet,7,0.15,0.04808795367809172,,22.0889
188,jet,8,0.15,0.46508357354141405,,21.1969
188,jet,9,0.15,0.1600552470151131,,20.6708
188,jet,10,0.15,0.5972016694655735,,20.246
189,photon,0,0.15,0.01877050563255983,0.0,154.104
189,photon,1,0.15,0.09058382835240968,0.0,37.9615
189,jet,0,0.15,0.03830782696848095,,83.0577
189,jet,1,0.15,0.5718804554733791,,78.3273
189,jet,2,0.15,0.2503274151741342,,61.5732
189,jet,3,0.15,0.17937426808592455,,28.6065
189,jet,4,0.15,0.1307567522611498,,24.0475
189,jet,5,0.15,0.1278790517739464,,23.8846
189,jet,6,0.15,0.2617970613772581,,23.7254
191,photon,0,0.15,0.013764249402513742,0.0,174.481
191,jet,0,0.15,0.8965488283439847,,178.38
191,jet,1,0.15,0.3846113198374577,,37.8486
191,jet,2,0.15,0.0,,31.1878
192,photon,0,0.15,0.0,0.0,350.805
192,jet,0,0.15,0.31103519481658465,,376.277
192,jet,1,0.15,0.9001589787008324,,196.064
192,jet,2,0.15,0.7008241389613978,,177.373
192,jet,3,0.15,0.4000124533247281,,151.847
192,jet,4,0.15,0.15171439270522943,,31.2443
192,jet,5,0.15,0.21592854577203072,,28.1187
192,jet,6,0.15,0.4552041196890152,,27.8856
192,jet,7,0.15,0.6571965779102182,,26.0075
192,jet,8,0.15,0.2845198792644807,,22.3298
193,photon,0,0.15,0.012623651231431752,0.0,165.336
193,jet,0,0.15,0.6216962083767771,,67.9999
193,jet,1,0.15,0.6397615930718492,,39.722
193,jet,2,0.15,0.8333837037984174,,34.4117
193,jet,3,0.15,0.0,,26.9689
193,jet,4,0.15,0.2576273534266816,,25.9887
194,photon,0,0.15,0.037467381400985406,0.0,113.049
194,jet,0,0.15,0.5183292732722057,,72.0022
194,jet,1,0.15,0.7727903995514959,,58.5056
194,jet,2,0.15,0.11619357414882463,,36.8138
194,jet,3,0.15,0.59747503527624,,29.4816
195,photon,0,0.15,0.06843605024696528,0.0,73.3099
195,photon,1,0.15,0.06577119742078126,0.0,56.2651
195,jet,0,0.15,0.7075876207263144,,86.6319
195,jet,1,0.15,0.1676683662766554,,23.3583
195,jet,2,0.15,0.0,,21.3845
196,photon,0,0.15,0.036072702452772026,0.0,181.672
196,jet,0,0.15,0.36347401004114605,,105.964
196,jet,1,0.15,0.5251162760125675,,76.069
196,jet,2,0.15,0.14667712191834584,,63.9551
196,jet,3,0.15,0.4054880064239629,,53.5495
196,jet,4,0.15,0.09144163161200677,,52.537
196,jet,5,0.15,0.18580379310438802,,36.6929
196,jet,6,0.15,0.3088040373477245,,35.4292
196,jet,7,0.15,0.13619286217116355,,33.8086
196,jet,8,0.15,0.11250305240687204,,25.3898
196,jet,9,0.15,0.2944481047720214,,22.3113
196,jet,10,0.15,0.07751050876584858,,20.4829
197,photon,0,0.15,0.016950915234934028,0.0,133.463
197,jet,0,0.15,0.5753734972553646,,110.215
197,jet,1,0.15,0.011861202080523985,,103.82
197,jet,2,0.15,0.25941208856912235,,80.2808
197,jet,3,0.15,0.7199493297196388,,32.2477
197,jet,4,0.15,0.0727707011849899,,29.0551
199,jet,0,0.15,0.022621901588097383,,135.634
199,jet,1,0.15,0.3760735996879165,,58.4459
199,jet,2,0.15,0.19714754422668848,,53.5819
199,jet,3,0.15,0.09455259625311181,,32.2561
199,jet,4,0.15,2.0685974338872213,,26.1485
200,photon,0,0.15,0.06255941902475692,0.0,123.723
200,jet,0,0.15,0.914072913073637,,263.821
200,jet,1,0.15,0.5402921684262619,,242.48
200,jet,2,0.15,0.6725227364439186,,36.4283
200,jet,3,0.15,0.7475367352166739,,23.8123
200,jet,4,0.15,0.13745601004083996,,20.3967
201,jet,0,0.15,0.08899142473146142,,289.437
201,jet,1,0.15,0.9537692326429205,,123.163
201,jet,2,0.15,0.8581534984624956,,25.3983
201,jet,3,0.15,0.6932822808999736,,21.5073
202,photon,0,0.15,0.0,0.0,59.3798
202,jet,0,0.15,0.04754444154674127,,84.358
202,jet,1,0.15,0.7585078040729334,,38.4735
202,jet,2,0.15,0.36291362275633526,,32.4692
202,jet,3,0.15,0.8063869213518837,,26.4431
202,jet,4,0.15,0.8497506135697886,,21.4727
202,jet,5,0.15,0.2771385958804212,,21.2546
202,jet,6,0.15,0.24689966615143832,,20.6381
204,photon,0,0.15,0.009754210286754664,0.0,94.6907
204,jet,0,0.15,0.5271814268832322,,115.931
204,jet,1,0.15,0.2772553682086756,,111.024
204,jet,2,0.15,0.43309126119583635,,45.0279
205,photon,0,0.15,0.0,0.0,206.06
205,photon,1,0.15,0.043840516168144376,0.0,184.746
205,jet,0,0.15,0.6348744990315197,,141.975
205,jet,1,0.15,0.778223111022833,,110.761
205,jet,2,0.15,0.23969094922737308,,31.0305
206,photon,0,0.15,0.026396492274995173,0.0,62.6731
206,jet,0,0.15,0.5063240320182496,,147.291
206,jet,1,0.15,0.9562439846300625,,114.249
206,jet,2,0.15,0.9690138680201135,,31.8791
207,photon,0,0.15,0.04249772574393799,0.0,124.876
207,jet,0,0.15,0.39836805398603403,,68.5807
207,jet,1,0.15,0.807394079130782,,66.3585
207,jet,2,0.15,1.5523307358749787,,55.9008
207,jet,3,0.15,0.36951874699537973,,54.4994
207,jet,4,0.15,0.5569489487810333,,28.6144
207,jet,5,0.15,0.0,,24.9136
207,jet,6,0.15,0.4766353967986229,,23.1213
207,jet,7,0.15,0.2191453895281693,,21.5607
207,jet,8,0.15,0.316625,,21.296
207,jet,9,0.15,0.3834376937530469,,21.1287
208,photon,0,0.15,0.0300313139154207,0.0,148.145
208,jet,0,0.15,0.6206318378690333,,178.473
208,jet,1,0.15,0.2008407404670732,,46.0142
208,jet,2,0.15,0.8038913784414979,,36.9098
208,jet,3,0.15,0.307507792509886,,32.2425
208,jet,4,0.15,0.1726945044460052,,30.1844
208,jet,5,0.15,0.16810092961487383,,27.861
208,jet,6,0.15,0.14855589053719204,,27.5637
208,jet,7,0.15,0.37239195176872236,,27.534
208,jet,8,0.15,0.4228444026255909,,26.6759
208,jet,9,0.15,0.2397902784434378,,25.8724
208,jet,10,0.15,0.1307610596464694,,25.3896
208,jet,11,0.15,0.09887269024778898,,21.9017
208,jet,12,0.15,0.24531344480016629,,20.2093
209,photon,0,0.15,0.0,0.0,56.5887
209,jet,0,0.15,0.7911113810753291,,99.1901
209,jet,1,0.15,1.0087257271171943,,93.52
209,jet,2,0.15,0.3128554801249768,,45.1924
209,jet,3,0.15,0.23024115059375927,,43.873
209,jet,4,0.15,0.058914340773861505,,34.3524
209,jet,5,0.15,0.0,,30.9513
209,jet,6,0.15,0.07462254895040728,,28.3348
209,jet,7,0.15,0.09489046890468904,,27.7775
209,jet,8,0.15,0.18771832129095417,,23.9017
209,jet,9,0.15,0.1756879318987049,,23.3417
209,jet,10,0.15,0.0657341798074954,,21.9735
209,jet,11,0.15,0.0,,21.875
209,jet,12,0.15,0.11595474174999186,,21.5121
209,jet,13,0.15,0.0,,20.8898
210,jet,0,0.15,0.9936349293997002,,114.093
210,jet,1,0.15,0.03456248747794503,,30.9454
210,jet,2,0.15,0.09605390943898907,,26.8747
210,jet,3,0.15,0.1592248242634863,,25.322
210,jet,4,0.15,0.1348277965868665,,23.2748
210,jet,5,0.15,0.5324570058594933,,23.1078
210,jet,6,0.15,0.15197184085177923,,22.8416
210,jet,7,0.15,0.0,,20.4597
211,photon,0,0.15,0.12949392326128917,0.0,47.147
211,jet,0,0.15,0.024139322375838133,,101.118
211,jet,1,0.15,0.40506606702220815,,100.504
211,jet,2,0.15,0.536196338578833,,50.1827
211,jet,3,0.15,0.91690941010309,,45.4554
211,jet,4,0.15,0.07194056809184482,,32.3328
211,jet,5,0.15,0.3094086885340171,,29.5631
211,jet,6,0.15,0.19151231683232695,,24.6086
212,photon,0,0.15,0.04756971117384859,0.0,40.8758
212,jet,0,0.15,0.7439410431339067,,63.4837
212,jet,1,0.15,0.1579580342586123,,28.3374
212,jet,2,0.15,0.30682741116751266,,27.186
212,jet,3,0.15,0.5886314163331227,,25.6338
212,jet,4,0.15,0.15822759184731117,,24.6986
212,jet,5,0.15,0.18188899468120037,,24.3664
212,jet,6,0.15,0.0877361938389955,,24.2428
212,jet,7,0.15,0.33924440859687977,,22.4407
212,jet,8,0.15,0.316617813332324,,21.1381
212,jet,9,0.15,0.0,,21.0683
213,photon,0,0.15,0.06821129103146356,0.0,116.039
213,photon,1,0.15,0.021036779084407063,0.0,111.993
213,jet,0,0.15,0.6237587296605153,,140.183
213,jet,1,0.15,0.5430779036942206,,73.8938
213,jet,2,0.15,0.6542298031614089,,34.3581
213,jet,3,0.15,0.5235154868295431,,25.5572
214,jet,0,0.15,0.9767762999071251,,94.8587
214,jet,1,0.15,0.4962742677953034,,30.8691
214,jet,2,0.15,0.3480310475541026,,24.9295
214,jet,3,0.15,0.07573846570535754,,24.7371
215,jet,0,0.15,0.0,,154.17
215,jet,1,0.15,0.7954642033218703,,62.5491
215,jet,2,0.15,0.3778164794852787,,57.6001
215,jet,3,0.15,0.1764551503668964,,50.3003
215,jet,4,0.15,0.0,,49.4404
215,jet,5,0.15,0.08527894810325146,,48.7044
215,jet,6,0.15,0.14931455449227057,,48.6647
215,jet,7,0.15,0.4523990862353989,,44.0376
215,jet,8,0.15,0.1335598783202042,,41.6503
215,jet,9,0.15,0.17046569677890247,,38.4993
215,jet,10,0.15,0.251512432822756,,38.4989
215,jet,11,0.15,0.27261608948365856,,37.7812
215,jet,12,0.15,0.28265052945211355,,37.3216
215,jet,13,0.15,0.3066251526784156,,36.6784
215,jet,14,0.15,0.08094642866911374,,36.5606
215,jet,15,0.15,0.30327931387179524,,35.7834
215,jet,16,0.15,0.307956747444193,,35.1748
215,jet,17,0.15,0.07506976267888688,,35.1549
215,jet,18,0.15,0.35554309459443506,,33.8836
215,jet,19,0.15,0.23296962970256263,,33.5163
215,jet,20,0.15,0.06357124729951326,,30.7352
215,jet,21,0.15,0.1617615366825299,,30.6999
215,jet,22,0.15,0.033834274518842924,,30.3695
215,jet,23,0.15,0.0844128927829973,,28.419
215,jet,24,0.15,0.45732646792098447,,27.8983
215,jet,25,0.15,0.5413471559431737,,27.3465
215,jet,26,0.15,0.302243478459936,,26.2093
215,jet,27,0.15,0.2836986967290909,,25.9194
215,jet,28,0.15,0.1463190577409565,,25.7339
215,jet,29,0.15,0.2907184920606286,,24.9453
215,jet,30,0.15,0.6783993354809331,,23.7164
215,jet,31,0.15,0.03847782944944127,,23.4816
215,jet,32,0.15,1.6463226121409986,,22.9421
215,jet,33,0.15,0.2563795310329802,,22.0314
215,jet,34,0.15,0.3442722931826274,,21.9058
216,photon,0,0.15,0.027107545410887314,0.0,106.197
216,jet,0,0.15,0.6928476167778838,,230.78
216,jet,1,0.15,0.56589933261174,,77.9756
216,jet,2,0.15,0.39752759073835026,,60.1923
216,jet,3,0.15,0.10864052526691761,,41.5484
216,jet,4,0.15,0.11917497189140805,,36.6436
216,jet,5,0.15,0.04196101638495395,,32.4444
216,jet,6,0.15,0.13961730044523724,,28.3669
216,jet,7,0.15,0.03417894945098427,,28.3052
216,jet,8,0.15,0.04346910012889701,,28.2396
216,jet,9,0.15,0.1692902492113679,,27.6111
216,jet,10,0.15,0.054578303578598004,,26.1527
216,jet,11,0.15,0.3175531213191991,,25.47
216,jet,12,0.15,0.284399539858922,,25.0358
216,jet,13,0.15,0.08139431487183324,,24.0663
216,jet,14,0.15,0.216633462024609,,23.2598
216,jet,15,0.15,0.06270085409030231,,22.3981
216,jet,16,0.15,0.0,,21.8576
216,jet,17,0.15,0.24808027215428438,,20.9587
216,jet,18,0.15,0.1565007320644217,,20.49
217,photon,0,0.15,0.019186609948178075,0.0,78.4224
217,jet,0,0.15,0.8356298350337111,,163.003
217,jet,1,0.15,0.8703875766932669,,149.622
218,photon,0,0.15,0.014300235692106686,0.0,73.7827
218,photon,1,0.15,0.13940809778403465,0.0,57.2527
218,jet,0,0.15,0.6533764627533061,,105.11
218,jet,1,0.15,0.22086493704876142,,20.8177
219,photon,0,0.15,0.15808336213321295,0.0,42.5349
219,jet,0,0.15,1.2766713855373968,,88.3686
219,jet,1,0.15,0.22314457328403994,,76.9001
219,jet,2,0.15,0.8044736925555738,,66.2227
219,jet,3,0.15,0.5002581753088936,,34.3565
219,jet,4,0.15,0.25711358529796435,,20.8733
220,photon,0,0.15,0.020030343881444503,0.0,209.927
220,photon,1,0.15,0.07641033842052569,0.0,67.2211
220,jet,0,0.15,0.6936330589652403,,139.472
220,jet,1,0.15,1.289095989915023,,67.3477
220,jet,2,0.15,0.2516980790489331,,36.4559
220,jet,3,0.15,0.20689337018226553,,23.4109
220,jet,4,0.15,0.34165694287530013,,22.6592
220,jet,5,0.15,0.06518269717102969,,20.3643
220,jet,6,0.15,0.29194535306916,,20.0853
221,photon,0,0.15,0.006876777307106868,0.0,169.498
221,jet,0,0.15,0.713981728399216,,118.873
221,jet,1,0.15,0.5174188205805161,,89.8442
221,jet,2,0.15,0.3301774756446518,,24.1836
221,jet,3,0.15,0.1817248503283545,,22.7498
221,jet,4,0.15,0.7543219993458576,,22.3193
221,jet,5,0.15,0.19614218341785772,,20.8224
222,photon,0,0.15,0.06485822710387772,0.0,187.095
222,photon,1,0.15,0.06603863071286427,0.0,82.2092
222,jet,0,0.15,0.5512835321832966,,144.749
222,jet,1,0.15,0.3327904680537579,,97.7345
222,jet,2,0.15,0.30416442994898235,,53.6873
222,jet,3,0.15,0.05177266612739599,,22.3759
223,photon,0,0.15,0.039450523144471956,0.0,171.272
223,jet,0,0.15,0.44088924491401277,,83.1402
223,jet,1,0.15,0.08650665653271876,,40.787
223,jet,2,0.15,0.26196953992491606,,40.3282
223,jet,3,0.15,0.10809118614213939,,31.5662
223,jet,4,0.15,0.5328368316879578,,24.8069
223,jet,5,0.15,0.3270006293906943,,21.6082
223,jet,6,0.15,0.07242897699839702,,20.7116
223,jet,7,0.15,0.469033307007537,,20.5122
224,photon,0,0.15,0.021462804393381028,0.0,110.712
224,photon,1,0.15,0.15315692903541878,0.0,43.2737
224,jet,0,0.15,0.19165471329932698,,86.0427
224,jet,1,0.15,0.2228785052317884,,60.1993
224,jet,2,0.15,0.12384119134379416,,53.788
224,jet,3,0.15,0.18723812304012508,,53.0965
224,jet,4,0.15,0.07548830412643459,,44.4815
224,jet,5,0.15,0.2649967260967576,,40.0134
224,jet,6,0.15,0.41017034412426845,,36.3793
224,jet,7,0.15,0.14484760660810483,,35.6774
224,jet,8,0.15,0.028880692198972734,,34.8108
224,jet,9,0.15,0.16934762005841847,,33.4483
224,jet,10,0.15,0.12218695830602531,,32.6522
224,jet,11,0.15,0.431013546769553,,30.2729
224,jet,12,0.15,0.23591974051040104,,29.8432
224,jet,13,0.15,0.07785969064436205,,29.7457
224,jet,14,0.15,0.2729285435239379,,28.4131
224,jet,15,0.15,0.45724290644103366,,28.0219
224,jet,16,0.15,0.1102953303584503,,25.9506
224,jet,17,0.15,0.45701075616659925,,24.73
224,jet,18,0.15,0.12033181694372283,,24.5979
224,jet,19,0.15,0.5062031102168091,,22.5129
224,jet,20,0.15,0.2476049628789818,,21.8744
224,jet,21,0.15,0.12286095023792835,,21.6872
224,jet,22,0.15,0.16292048167103243,,20.6531
224,jet,23,0.15,0.45959394319417635,,20.4134
225,photon,0,0.15,0.046135684687289194,0.0,103.77
225,photon,1,0.15,0.08102015900834292,0.0,43.8216
225,jet,0,0.15,0.7246375305796678,,105.871
225,jet,1,0.15,0.34834805124320173,,35.3764
225,jet,2,0.15,0.12386942737250031,,33.3393
225,jet,3,0.15,0.7322721668550292,,23.3592
225,jet,4,0.15,0.10207009296706758,,22.8468
225,jet,5,0.15,0.1700692233144123,,22.3913
225,jet,6,0.15,0.1131925589828351,,21.8411
225,jet,7,0.15,0.17028875015583497,,20.8554
226,photon,0,0.15,0.008960148399518229,0.0,113.747
226,jet,0,0.15,1.038968816031956,,103.643
226,jet,1,0.15,0.6335223866163813,,103.41
226,jet,2,0.15,0.05077373775187286,,22.9729
226,jet,3,0.15,0.0,,21.331
227,photon,0,0.15,0.06575156889805484,0.0,83.5459
227,jet,0,0.15,0.0,,118.442
227,jet,1,0.15,0.4605058113278067,,57.7923
227,jet,2,0.15,0.30745701860212515,,48.2418
227,jet,3,0.15,0.5048328965168832,,29.4937
227,jet,4,0.15,0.4558869333757102,,27.6881
228,photon,0,0.15,0.08230173932416014,0.0,87.0798
228,photon,1,0.15,0.1626755573576021,0.0,49.8199
228,jet,0,0.15,0.5007003414246294,,128.286
228,jet,1,0.15,0.7757552536729219,,112.921
228,jet,2,0.15,0.6987395304070941,,88.6257
228,jet,3,0.15,0.4611186143328554,,43.0926
228,jet,4,0.15,0.12761860808565625,,21.668
229,photon,0,0.15,0.025936969658009772,0.0,124.448
229,jet,0,0.15,0.5737409497975547,,100.274
229,jet,1,0.15,1.0901176561488393,,75.0662
229,jet,2,0.15,0.3262880505957134,,72.0061
229,jet,3,0.15,0.7602297597670966,,58.5307
230,photon,0,0.15,0.017482826675484096,0.0,193.556
230,photon,1,0.15,0.13946538248993448,0.0,31.6675
230,jet,0,0.15,0.7264035144043491,,140.166
230,jet,1,0.15,0.6389944563971293,,127.354
230,jet,2,0.15,0.41117944116754135,,73.7824
230,jet,3,0.15,0.02587741002442318,,37.5463
230,jet,4,0.15,0.3079592397244533,,35.6818
230,jet,5,0.15,0.14320417533880936,,31.4705
230,jet,6,0.15,0.35655706767506284,,28.0842
230,jet,7,0.15,0.18481565679644185,,26.2608
230,jet,8,0.15,0.21796187061133482,,24.0392
230,jet,9,0.15,0.474435935757207,,22.6827
232,photon,0,0.15,0.01793290643995289,0.0,88.6404
232,jet,0,0.15,0.03676599511994991,,138.933
232,jet,1,0.15,0.8327743305772585,,131.83
232,jet,2,0.15,0.32798657561763545,,77.2624
232,jet,3,0.15,0.47285774428692395,,42.2802
232,jet,4,0.15,0.09568301832405186,,24.9781
232,jet,5,0.15,0.6998494570022898,,22.0535
233,photon,0,0.15,0.0,0.0,36.8484
233,jet,0,0.15,0.8609780623049937,,123.714
233,jet,1,0.15,0.4672227983335644,,66.3452
233,jet,2,0.15,0.5812472104733133,,37.2375
234,photon,0,0.15,0.012337271940654447,0.0,75.8136
234,jet,0,0.15,0.04014553290726336,,88.0763
234,jet,1,0.15,0.616559263102079,,74.1161
234,jet,2,0.15,0.5347911468576628,,34.067
234,jet,3,0.15,0.29514143602971993,,30.7807
234,jet,4,0.15,0.0998579225882092,,25.2468
234,jet,5,0.15,0.40842686284777946,,23.6788
234,jet,6,0.15,0.12096049228959636,,23.1246
234,jet,7,0.15,0.30618978381655176,,21.9397
234,jet,8,0.15,0.07366586617079529,,21.4034
235,photon,0,0.15,0.013310228682261746,0.0,297.487
235,jet,0,0.15,1.4981350318390863,,158.296
235,jet,1,0.15,0.36409376857700926,,153.079
235,jet,2,0.15,0.43345429029671206,,114.724
235,jet,3,0.15,0.39876371742983224,,39.3842
235,jet,4,0.15,0.29797078023390794,,32.0468
235,jet,5,0.15,0.21919017833377696,,31.5588
235,jet,6,0.15,0.19737062148357487,,30.8552
235,jet,7,0.15,0.30709035931617007,,29.1359
235,jet,8,0.15,0.37360829134234963,,28.6371
235,jet,9,0.15,0.6347313474019224,,26.4561
235,jet,10,0.15,0.07146089233310489,,22.7628
235,jet,11,0.15,0.37707297815717733,,21.5311
235,jet,12,0.15,0.33314369847439,,21.0211
235,jet,13,0.15,0.31410544693420445,,20.4482
235,jet,14,0.15,0.2201969622733954,,20.41
236,photon,0,0.15,0.0,0.0,147.432
236,jet,0,0.15,0.5880766572085031,,151.897
236,jet,1,0.15,0.1372963267748934,,20.0505
237,photon,0,0.15,0.007223825711414706,0.0,140.319
237,photon,1,0.15,0.03591692551069811,0.0,50.1911
237,jet,0,0.15,0.5537871398288451,,191.055
237,jet,1,0.15,0.8152855225346148,,22.2014
239,jet,0,0.15,1.0068460333742808,,47.3778
239,jet,1,0.15,0.9874295865341465,,37.6597
239,jet,2,0.15,0.3865037790787191,,29.2267
239,jet,3,0.15,0.15621718336146678,,29.1468
239,jet,4,0.15,0.1476470887562384,,25.5475
239,jet,5,0.15,0.06745942566845765,,25.2746
239,jet,6,0.15,0.04082680453370451,,25.145
239,jet,7,0.15,0.13844984136967434,,25.1213
239,jet,8,0.15,0.056262095784988045,,22.0118
239,jet,9,0.15,0.04426575365251864,,21.6426
239,jet,10,0.15,0.0665690277668346,,21.5761
240,jet,0,0.15,0.687465712022678,,191.904
240,jet,1,0.15,0.7361971106187739,,184.607
240,jet,2,0.15,0.3585546672754624,,49.0586
240,jet,3,0.15,0.6866654573243688,,38.8641
240,jet,4,0.15,0.30443481274313133,,20.4879
241,photon,0,0.15,0.02084335936826497,0.0,86.9985
241,jet,0,0.15,0.7887180216793785,,48.4977
241,jet,1,0.15,0.19148249738766981,,38.28
241,jet,2,0.15,0.7255039909810741,,37.6098
242,jet,0,0.15,0.6796808855241603,,108.049
242,jet,1,0.15,0.6303475254289014,,57.6706
242,jet,2,0.15,0.5964890103819256,,48.8734
242,jet,3,0.15,0.3625163161093534,,35.2106
242,jet,4,0.15,0.06978880435606813,,27.6947
242,jet,5,0.15,0.33624250442878,,26.9826
242,jet,6,0.15,0.1553118728493905,,23.5689
242,jet,7,0.15,0.1590155089285329,,23.1673
242,jet,8,0.15,0.20748455804046856,,22.536
243,photon,0,0.15,0.02231627841241682,0.0,94.8133
243,photon,1,0.15,0.05731078516899242,0.0,58.9198
243,jet,0,0.15,0.6230658077532275,,113.011
243,jet,1,0.15,0.03646236519977088,,30.2021
243,jet,2,0.15,0.2128197739625572,,23.182
243,jet,3,0.15,0.5359670883785599,,21.0017
243,jet,4,0.15,0.19787690054023763,,20.3429
244,photon,0,0.15,0.027061035640000213,0.0,192.789
244,photon,1,0.15,0.030016992859112315,0.0,82.3287
244,jet,0,0.15,1.2664304303410239,,179.137
244,jet,1,0.15,0.4463801358783565,,21.637
244,jet,2,0.15,0.5858126191300278,,20.5133
245,photon,0,0.15,0.01875688482834191,0.0,275.606
245,jet,0,0.15,0.4690946328024939,,165.524
245,jet,1,0.15,0.8571362406754651,,146.388
245,jet,2,0.15,0.8967704684626869,,52.0447
245,jet,3,0.15,0.23977751559076352,,24.3253
245,jet,4,0.15,0.2112452736573765,,23.3796
245,jet,5,0.15,0.43759484391808917,,21.0082
245,jet,6,0.15,0.10309705451664787,,20.8285
246,jet,0,0.15,0.5463915431269728,,93.5192
246,jet,1,0.15,0.6727830126417351,,70.4571
246,jet,2,0.15,0.49932264221066375,,55.6973
249,jet,0,0.15,1.0603255136177987,,146.169
249,jet,1,0.15,0.9025166490720917,,101.357
249,jet,2,0.15,0.8927995107426464,,42.3499
249,jet,3,0.15,0.2475120165526022,,37.698
250,jet,0,0.15,0.4346170558129863,,64.4402
250,jet,1,0.15,0.6815581400424503,,36.6546
250,jet,2,0.15,0.07739070313281801,,32.9767
251,jet,0,0.15,1.4799706620360322,,115.175
251,jet,1,0.15,0.898674358006721,,111.294
251,jet,2,0.15,0.8409875769687806,,92.57
251,jet,3,0.15,0.6324862309070891,,79.2899
251,jet,4,0.15,0.4988711577099836,,43.301
251,jet,5,0.15,0.06236687717298976,,37.9086
251,jet,6,0.15,0.33469403654963326,,29.5215
251,jet,7,0.15,0.3155245940618361,,26.0754
252,photon,0,0.15,0.055909717562046705,0.0,186.271
252,photon,1,0.15,0.07335710373056333,0.0,29.7569
252,jet,0,0.15,0.725292937323717,,105.654
252,jet,1,0.15,0.06744037963344068,,41.303
252,jet,2,0.15,0.7291277849712015,,40.3146
252,jet,3,0.15,0.10097140809531631,,33.4885
252,jet,4,0.15,0.12622631776402174,,29.8536
252,jet,5,0.15,0.22295760154873812,,28.6685
252,jet,6,0.15,0.58005227836312,,26.0911
252,jet,7,0.15,0.8663071027455442,,26.0167
252,jet,8,0.15,0.19824130621010375,,25.3313
252,jet,9,0.15,0.10143673595575575,,23.2889
252,jet,10,0.15,0.20881908080951034,,22.6112
252,jet,11,0.15,0.2869524678622441,,20.1632
253,photon,0,0.15,0.006980674908867012,0.0,142.923
253,jet,0,0.15,1.0466977713213361,,193.433
253,jet,1,0.15,0.5442780716941005,,45.5156
253,jet,2,0.15,0.5484880937381882,,30.1606
254,photon,0,0.15,0.011751392002313978,0.0,78.8253
254,photon,1,0.15,0.06982829541913368,0.0,77.016
254,jet,0,0.15,0.5791862565369489,,81.4409
254,jet,1,0.15,0.23585242046245602,,26.5755
254,jet,2,0.15,0.13082150372058637,,22.8593
254,jet,3,0.15,0.09238099539744986,,22.1399
255,photon,0,0.15,0.11610171829288654,0.0,41.3259
255,jet,0,0.15,0.020153619474695707,,195.125
255,jet,1,0.15,0.7147429336232358,,195.008
255,jet,2,0.15,0.5056496004215333,,56.935
255,jet,3,0.15,0.13003344618857085,,24.3675
255,jet,4,0.15,0.16204462571771816,,23.3901
255,jet,5,0.15,0.18662890686696032,,22.7932
255,jet,6,0.15,0.30606613846146713,,21.5699
255,jet,7,0.15,0.2266958932642779,,21.3162
256,photon,0,0.15,0.02024784930341011,0.0,83.5427
256,jet,0,0.15,0.8568808382170129,,112.62
256,jet,1,0.15,0.4383102643608349,,93.849
256,jet,2,0.15,0.7110972100891607,,57.6936
256,jet,3,0.15,0.07231602681715261,,31.6663
256,jet,4,0.15,0.2012220592215847,,29.9249
256,jet,5,0.15,0.24532283765227672,,27.2366
256,jet,6,0.15,0.3450614701278713,,26.7691
256,jet,7,0.15,0.2641717067300275,,25.9256
256,jet,8,0.15,0.04634836885907925,,22.7816
256,jet,9,0.15,0.16592243176466046,,20.7224
257,jet,0,0.15,0.9705042845983519,,170.261
257,jet,1,0.15,0.5859678903321455,,99.5588
257,jet,2,0.15,0.13421827102639092,,90.8192
257,jet,3,0.15,1.2678045637603381,,55.0993
257,jet,4,0.15,0.389485701943178,,51.8532
257,jet,5,0.15,0.2859487613597409,,28.5878
257,jet,6,0.15,0.12957296324669076,,28.0655
257,jet,7,0.15,0.10420106143047482,,26.8694
257,jet,8,0.15,0.05261511685101339,,23.7867
257,jet,9,0.15,0.30679956363451855,,23.6499
257,jet,10,0.15,0.32688869565958684,,23.4609
257,jet,11,0.15,0.501275669455977,,23.2913
257,jet,12,0.15,0.16306768505656324,,22.5323
257,jet,13,0.15,0.5458724308171431,,22.2201
257,jet,14,0.15,0.26010977062082535,,21.2443
257,jet,15,0.15,0.18017137170182296,,20.5985
257,jet,16,0.15,0.20609942638623333,,20.5539
258,jet,0,0.15,0.5525259209760515,,139.173
258,jet,1,0.15,0.8132102304456275,,107.444
258,jet,2,0.15,0.2315510274074737,,26.8248
259,photon,0,0.15,0.018583446154655032,0.0,152.158
259,jet,0,0.15,0.7016697662885129,,161.31
259,jet,1,0.15,0.08339789525130499,,44.1953
259,jet,2,0.15,0.4204841270053727,,37.3559
259,jet,3,0.15,0.18516204157512253,,29.585
259,jet,4,0.15,0.0879743774692218,,24.4004
259,jet,5,0.15,0.13264845727929522,,24.2915
259,jet,6,0.15,0.21655318354107442,,21.9504
259,jet,7,0.15,0.46507600576920216,,20.1761
260,photon,0,0.15,0.014882602827040606,0.0,266.71
260,jet,0,0.15,0.6432421920169878,,47.5635
260,jet,1,0.15,0.08729405079239273,,26.7481
260,jet,2,0.15,1.6962552506500808,,20.9974
261,photon,0,0.15,0.011546496156967834,0.0,95.9789
261,jet,0,0.15,0.6271644469155148,,118.707
261,jet,1,0.15,0.023709019502081683,,118.654
261,jet,2,0.15,0.029264020630780176,,33.736
261,jet,3,0.15,0.2512747776820186,,25.8751
261,jet,4,0.15,0.0,,24.5885
262,photon,0,0.15,0.008811297371845925,0.0,257.405
262,photon,1,0.15,0.014009569628196413,0.0,76.492
262,jet,0,0.15,0.3757702363978734,,240.569
262,jet,1,0.15,0.5691516696593679,,59.7008
262,jet,2,0.15,0.5403929924242424,,52.8
262,jet,3,0.15,0.6026717077710563,,42.98
262,jet,4,0.15,0.11059054782203495,,30.4734
262,jet,5,0.15,0.24519404953548365,,25.7795
262,jet,6,0.15,0.08101596528030063,,25.5993
262,jet,7,0.15,0.13818085151631154,,23.511
262,jet,8,0.15,0.3077985148387208,,23.2702
262,jet,9,0.15,0.28711881950157914,,22.6074
262,jet,10,0.15,0.18364433684306694,,21.8915
262,jet,11,0.15,0.26256129541710127,,20.5154
262,jet,12,0.15,0.23981289236402548,,20.3733
263,photon,0,0.15,0.03978588577950958,0.0,101.628
263,jet,0,0.15,0.06255699097324183,,37.2559
263,jet,1,0.15,0.7173194231551288,,22.3769
264,jet,0,0.15,0.8673407433405278,,72.3706
264,jet,1,0.15,0.4954576298525228,,71.9162
264,jet,2,0.15,0.8268045519278444,,30.3344
264,jet,3,0.15,1.0208934895123944,,26.4312
265,photon,0,0.15,0.052778620444068024,0.0,103.903
265,photon,1,0.15,0.017896071960786037,0.0,79.7879
265,jet,0,0.15,0.22347935200393534,,119.939
265,jet,1,0.15,0.5466897571704864,,39.5545
265,jet,2,0.15,0.480787817568746,,27.5216
265,jet,3,0.15,0.11227324971265804,,24.0132
265,jet,4,0.15,0.0,,21.9189
265,jet,5,0.15,0.2374283164948741,,21.5182
265,jet,6,0.15,0.3518282762247903,,20.3443
267,jet,0,0.15,0.7307686027877724,,132.292
267,jet,1,0.15,0.3477890763168965,,90.8082
267,jet,2,0.15,0.08557651375542075,,36.4111
267,jet,3,0.15,0.30119636984176235,,32.23
267,jet,4,0.15,0.4279922463425689,,31.1079
267,jet,5,0.15,0.5043630478357441,,29.5344
267,jet,6,0.15,0.37470033983138346,,29.2498
267,jet,7,0.15,0.3829628877714899,,27.5839
267,jet,8,0.15,0.4879168278752265,,26.1049
267,jet,9,0.15,0.6463827585496073,,24.2555
267,jet,10,0.15,0.09198609262995235,,23.297
267,jet,11,0.15,0.045977558746915594,,21.8437
267,jet,12,0.15,0.04830283226522781,,20.5348
267,jet,13,0.15,0.20890607832365404,,20.3872
267,jet,14,0.15,0.06841389645641353,,20.1519
268,photon,0,0.15,0.013796397723468364,0.0,149.35
268,jet,0,0.15,0.3630578309480262,,140.513
268,jet,1,0.15,0.550261796712104,,94.5772
268,jet,2,0.15,0.4089616985345917,,80.0596
268,jet,3,0.15,0.5183074813909956,,45.5156
268,jet,4,0.15,0.40285318314784924,,43.0046
268,jet,5,0.15,0.0319393178255358,,34.0001
268,jet,6,0.15,0.15187544375697332,,30.5629
268,jet,7,0.15,1.0246710645900665,,22.5561
269,photon,0,0.15,0.04650867487724976,0.0,75.8858
269,jet,0,0.15,0.6405771102021517,,91.3621
269,jet,1,0.15,0.09410756069710413,,26.7105
270,photon,0,0.15,0.02335852788006065,0.0,212.374
270,jet,0,0.15,1.1422876370625243,,171.181
270,jet,1,0.15,0.7228849489625727,,89.934
270,jet,2,0.15,0.35541952161528345,,42.5139
270,jet,3,0.15,0.0939938037230396,,37.926
270,jet,4,0.15,0.08447479615872443,,27.595
270,jet,5,0.15,0.10546787352418166,,26.2058
270,jet,6,0.15,0.12624765755035053,,25.7743
270,jet,7,0.15,0.05419816645571786,,23.3864
270,jet,8,0.15,0.05692531222092146,,21.6113
270,jet,9,0.15,0.054034080944679354,,20.5276
270,jet,10,0.15,0.133506385491769,,20.3195
271,photon,0,0.15,0.017679438640293876,0.0,195.454
271,jet,0,0.15,0.5908601150622428,,96.7824
271,jet,1,0.15,0.35479353676096953,,82.8501
271,jet,2,0.15,0.7994757227899401,,41.2568
271,jet,3,0.15,1.1280535929197744,,24.4286
272,photon,0,0.15,0.10389169976859797,0.0,58.8586
272,jet,0,0.15,0.9476148279998452,,103.372
272,jet,1,0.15,0.5239088381870907,,86.7644
272,jet,2,0.15,0.6074875318731912,,43.5711
272,jet,3,0.15,0.22546877604920723,,22.7934
273,photon,0,0.15,0.050294155329976956,0.0,95.2218
273,photon,1,0.15,0.0,0.0,33.1155
273,jet,0,0.15,0.8061222175367855,,80.1538
273,jet,1,0.15,0.7667970075309509,,76.3383
273,jet,2,0.15,0.20760396453091304,,27.7763
274,photon,0,0.15,0.0381088017300967,0.0,146.119
274,photon,1,0.15,0.057454615078031596,0.0,51.1844
274,jet,0,0.15,0.47715686712965033,,93.9126
274,jet,1,0.15,0.5837642953654811,,66.8311
274,jet,2,0.15,0.174684914701534,,38.1484
274,jet,3,0.15,0.11912370850736424,,29.1136
274,jet,4,0.15,0.2050051301906882,,25.8275
274,jet,5,0.15,0.04021177052161401,,22.6566
274,jet,6,0.15,0.20497575578494578,,20.6441
275,jet,0,0.15,0.6706999905416516,,96.2113
275,jet,1,0.15,1.5807838137354628,,65.9621
275,jet,2,0.15,0.49082425035507404,,31.3315
275,jet,3,0.15,0.10991800366067059,,29.8306
275,jet,4,0.15,0.20063618198051258,,25.8731
275,jet,5,0.15,0.24651074247930058,,20.7494
276,photon,0,0.15,0.004918427542621329,0.0,223.421
276,jet,0,0.15,0.4814508847959553,,64.2408
276,jet,1,0.15,0.7686219098230388,,54.1757
276,jet,2,0.15,0.20505867567767366,,41.9339
276,jet,3,0.15,0.6454230893750289,,30.2702
276,jet,4,0.15,0.22612650933591227,,24.9199
276,jet,5,0.15,0.07978854723327243,,23.4284
276,jet,6,0.15,0.050379091686570274,,22.5671
277,photon,0,0.15,0.05552567511491602,0.0,56.1497
277,jet,0,0.15,0.44515876918569985,,191.158
277,jet,1,0.15,0.9370334645056927,,128.584
277,jet,2,0.15,0.6213730429991924,,93.4785
277,jet,3,0.15,0.6378014384133535,,80.6027
277,jet,4,0.15,0.2133990376676689,,26.0409
277,jet,5,0.15,0.15263674884437595,,25.96
277,jet,6,0.15,0.08657428760413315,,22.3752
278,photon,0,0.15,0.027583887340677387,0.0,114.469
278,jet,0,0.15,0.2735917553191489,,120.32
278,jet,1,0.15,0.09247033459913417,,51.9039
278,jet,2,0.15,0.16773583596956548,,33.1597
278,jet,3,0.15,0.4037022476947163,,28.9986
278,jet,4,0.15,1.0474974135526312,,28.3207
278,jet,5,0.15,0.5681224662958423,,25.4568
278,jet,6,0.15,0.7880385910307754,,23.1971
278,jet,7,0.15,0.1951791922649844,,20.6231
278,jet,8,0.15,0.0,,20.0963
279,photon,0,0.15,0.09105510232450778,0.0,78.4123
279,jet,0,0.15,0.3217228618368235,,77.8507
279,jet,1,0.15,0.9747586790472053,,66.2976
279,jet,2,0.15,0.037455689947794704,,27.9282
279,jet,3,0.15,0.05922536245251693,,26.5621
279,jet,4,0.15,0.13815441764235672,,21.267
279,jet,5,0.15,0.1387110470397725,,20.2552
281,jet,0,0.15,2.1109870879319055,,207.945
281,jet,1,0.15,0.5576072926091313,,102.789
281,jet,2,0.15,0.49462701309681556,,49.2028
281,jet,3,0.15,0.2332197987224143,,38.9015
281,jet,4,0.15,0.7838896964097247,,26.6247
281,jet,5,0.15,0.0,,25.9164
281,jet,6,0.15,0.6555970748483175,,25.5303
281,jet,7,0.15,0.7358760351966873,,24.7296
281,jet,8,0.15,0.2690645533271531,,22.1135
281,jet,9,0.15,0.2154730240501722,,21.4302
282,photon,0,0.15,0.0,0.0,108.399
282,jet,0,0.15,0.6799201439676565,,121.694
282,jet,1,0.15,0.15520346833633697,,54.9889
282,jet,2,0.15,0.7188721957683543,,52.5233
283,photon,0,0.15,0.0337099955849154,0.0,120.043
283,jet,0,0.15,0.29182082167450185,,141.881
283,jet,1,0.15,0.8721092253338815,,131.334
283,jet,2,0.15,0.10578219351214717,,28.484
283,jet,3,0.15,0.23664490959188042,,20.0701
284,photon,0,0.15,0.10391085491443283,0.0,105.648
284,jet,0,0.15,0.8036917973737321,,72.2927
284,jet,1,0.15,0.48369064716785226,,41.2196
284,jet,2,0.15,0.1467352015900804,,37.9855
284,jet,3,0.15,0.10135904233951958,,31.1175
284,jet,4,0.15,0.07162879995415161,,27.9181
284,jet,5,0.15,0.11343845638399172,,25.5193
284,jet,6,0.15,0.09749249378444594,,22.0817
284,jet,7,0.15,0.0,,21.0382
284,jet,8,0.15,0.13589286567592104,,20.927
284,jet,9,0.15,0.06586826940704883,,20.1821
284,jet,10,0.15,0.2972685427085666,,20.0955
285,photon,0,0.15,0.04518409818569904,0.0,34.4816
285,photon,1,0.15,0.06513081646240722,0.0,24.3318
285,jet,0,0.15,0.03409682156112338,,34.5956
285,jet,1,0.15,0.14802137260783876,,31.0023
285,jet,2,0.15,0.21356676579386377,,27.574
286,photon,0,0.15,0.07342481877556878,0.0,69.665
286,photon,1,0.15,0.018148666358554236,0.0,63.1804
286,jet,0,0.15,0.7006630557006632,,90.3544
286,jet,1,0.15,0.31529678657546384,,30.4815
286,jet,2,0.15,0.1177693744032585,,21.2613
286,jet,3,0.15,0.4038456354060059,,20.0305
287,photon,0,0.15,0.053725230607465466,0.0,209.23
287,photon,1,0.15,0.03677600580616175,0.0,52.0826
287,jet,0,0.15,0.5999065088414058,,206.811
287,jet,1,0.15,0.534827229110256,,105.255
287,jet,2,0.15,0.2727414439056368,,78.7129
287,jet,3,0.15,0.09406754670505993,,28.8245
287,jet,4,0.15,0.0,,25.9031
287,jet,5,0.15,0.9993277883383778,,24.5146
287,jet,6,0.15,0.4328612048172969,,24.3373
287,jet,7,0.15,0.4925123922634112,,22.0097
287,jet,8,0.15,0.16592272160032784,,21.4756
288,photon,0,0.15,0.050070524989945096,0.0,60.4183
288,photon,1,0.15,0.09691882628427705,0.0,55.9011
288,jet,0,0.15,0.4688741400844551,,100.882
288,jet,1,0.15,0.48137258488983203,,38.2643
288,jet,2,0.15,0.17391290937255816,,29.1788
288,jet,3,0.15,0.04568227598467925,,23.6803
288,jet,4,0.15,0.44242250881784556,,22.1993
289,photon,0,0.15,0.016240150473658944,0.0,306.233
289,photon,1,0.15,0.08210015479347592,0.0,70.2872
289,jet,0,0.15,0.4690388367769026,,239.335
289,jet,1,0.15,0.3761877013023869,,72.5898
289,jet,2,0.15,0.35311984443840505,,26.1247
289,jet,3,0.15,0.5529748130333793,,23.1191
290,photon,0,0.15,0.017625315220043927,0.0,245.86
290,photon,1,0.15,0.10014065334544517,0.0,37.5391
290,jet,0,0.15,0.7509990655394431,,204.396
290,jet,1,0.15,0.28758024110001884,,106.18
290,jet,2,0.15,0.37482088832054256,,54.5051
290,jet,3,0.15,0.026173717168750523,,38.1344
290,jet,4,0.15,0.35835028139323494,,25.8535
290,jet,5,0.15,0.0,,20.2197
291,photon,0,0.15,0.07119969815263609,0.0,27.5636
291,jet,0,0.15,0.5898471495652483,,224.036
291,jet,1,0.15,0.04524620685119322,,197.659
291,jet,2,0.15,0.7845947023450736,,42.1394
291,jet,3,0.15,0.6723517607949053,,38.1731
291,jet,4,0.15,0.12796359822309972,,24.312
292,jet,0,0.15,7.450779924308012,,202.135
292,jet,1,0.15,0.3535717976766504,,149.009
292,jet,2,0.15,0.8833662806752227,,77.4974
292,jet,3,0.15,0.7238215395965368,,37.4111
292,jet,4,0.15,1.6954908494816001,,33.4298
293,photon,0,0.15,0.03439818270247557,0.0,86.1499
293,jet,0,0.15,0.993357038983193,,84.6493
293,jet,1,0.15,0.7359717400080743,,74.31
293,jet,2,0.15,0.4559692764758153,,44.5652
293,jet,3,0.15,0.7997293575576292,,43.8623
293,jet,4,0.15,0.524789348616983,,33.9186
293,jet,5,0.15,0.17431211498973306,,27.9051
293,jet,6,0.15,0.22878197469232922,,25.3599
293,jet,7,0.15,0.18189692823413753,,24.8196
293,jet,8,0.15,0.3979702609864466,,21.4264
294,photon,0,0.15,0.01862311015920781,0.0,67.3271
294,jet,0,0.15,0.4395472352261376,,102.106
294,jet,1,0.15,1.089346462892867,,84.3288
294,jet,2,0.15,0.18041100258566306,,28.8514
294,jet,3,0.15,0.07084951605942913,,25.9536
294,jet,4,0.15,0.26811530228919705,,23.2658
295,photon,0,0.15,0.019895300164914677,0.0,64.3363
295,photon,1,0.15,0.0,0.0,58.5943
295,jet,0,0.15,0.3227965557882769,,69.6589
295,jet,1,0.15,0.9044468143480454,,45.1964
295,jet,2,0.15,0.3694400619971567,,38.1953
295,jet,3,0.15,0.7690034822612333,,25.0412
299,photon,0,0.15,0.0,0.0,135.932
299,jet,0,0.15,0.6362344053768816,,45.0075
299,jet,1,0.15,0.33127460415876214,,43.2244
299,jet,2,0.15,0.04511886545678358,,23.3962
299,jet,3,0.15,0.045712274836694745,,22.7335
300,photon,0,0.15,0.027275964391691394,0.0,84.25
300,photon,1,0.15,0.03385672879281277,0.0,34.6392
300,jet,0,0.15,0.8206236323150735,,78.0973
300,jet,1,0.15,0.7656249123594243,,28.5256
300,jet,2,0.15,0.3193552665861342,,21.1095
300,jet,3,0.15,0.043149691865536126,,20.9811
