event_id,m_gg
1,123.43539669988327
10,124.51095778196672
17,120.70494354718957
25,116.49500189047524
38,124.22851446488953
49,126.32726796896942
50,122.49915782603635
55,124.5025153257374
58,128.71019213767454
64,128.06648156555968
65,127.27403120694746
68,124.33585359432253
75,127.06477898467084
79,126.55224179430321
81,125.12761533405238
82,121.02880704021459
87,125.14158357151473
96,122.02171710438654
102,123.39156313802646
103,127.2807698699693
106,120.99850717816827
107,125.10636566066256
110,122.95588659653423
121,124.38604001826423
124,125.07901834345635
127,121.33934776110954
132,122.31454839938226
139,122.28846607685449
144,125.9126876502379
150,122.17385203339518
152,125.00034555586028
158,129.35301837785462
162,127.64846513575765
166,126.11442494078531
168,122.9762160959623
173,124.70324439848625
176,124.45324282566973
182,130.6562783014137
184,125.24611019898947
189,128.8775794806926
195,125.70981419911844
205,125.01247030976907
213,123.52829182538187
218,126.7210392001892
220,127.34165921590846
222,125.53265359579287
224,127.51212198614034
225,121.44410625842413
228,124.85730853281666
230,138.1233187944794
237,129.7938165402481
243,126.34536022631593
244,127.46467628165543
252,130.89098474400797
254,127.91684650872459
262,125.88070161986543
265,127.50307223915894
273,124.60847442512734
274,124.19291092862085
285,125.92190029332855
286,125.06210177858884
287,131.3739630470521
288,122.90001876734287
289,127.90830507283654
290,127.33901527745532
295,126.41810009543647
300,120.62229801607992
310,125.95447815883608
312,126.91061295871603
316,127.21177539974839
319,129.69857548153166
324,124.8617307481006
327,125.09758808940954
333,119.72402975961076
334,122.4681563876203
336,123.26162961175501
338,124.155890848102
341,126.64165096795786
342,123.775222763425
345,125.86844863756579
350,126.60742791857159
352,125.46008380231085
355,125.7194849219146
356,124.81539173390495
366,125.43395414677995
373,121.23088530921547
376,133.6879327186924
380,124.5794225756826
381,120.96324363974917
387,125.21564388557621
398,120.85925664957094
402,125.38587504107421
410,124.55614935669338
412,121.37814984689483
417,125.72927839321274
420,134.92182831203561
421,125.40526436524192
422,122.92609470665475
426,125.63719555176438
429,126.30637329200546
434,125.75397508138099
436,123.27597488264111
443,121.93807494356945
447,125.84058416754515
449,127.78496952933733
450,122.87256851099788
466,130.31287555251927
467,124.5648866461867
476,124.67745409762117
477,127.51286043522038
478,119.46848480459745
480,124.2219096026766
484,132.5253062560949
486,124.09952139963865
495,127.24905678285464
497,125.5117455981679
500,127.81814650207806
505,124.85076734594388
516,123.2842467024094
519,121.9735341699968
530,126.00063976637078
533,126.65643715472811
539,126.40775237990914
540,131.20310934435918
547,124.1575003446593
553,128.10483346018185
555,125.34095250722379
557,128.7414323876243
564,127.35187747647899
570,123.04520051829435
572,125.23090505611783
575,124.76683259467202
576,123.57876517869563
582,133.48524633006878
584,126.72794604243323
585,127.03721790945353
587,127.05269331322582
592,125.43456165900815
597,126.81401639356926
607,127.60325368241236
609,132.6717932800206
611,126.44369952205916
612,126.12762304508281
613,130.86879006936786
615,128.26356606053267
616,125.40439524645376
622,124.7119068441486
627,125.39906096459823
636,123.77822007556242
642,119.66919166245933
646,123.89428544415898
648,126.11160987883687
652,128.76412025497996
662,126.487006605737
665,121.70670529676572
667,120.4764145322897
670,120.93225038479274
673,125.11148634467465
676,126.73034020283406
677,127.91863214969817
682,128.72177421094153
691,123.89182901474666
693,125.16308622580301
704,128.47734570831608
706,131.0771437787342
708,127.43362809191098
710,125.09171277749616
711,123.6794597231972
720,123.97692428991286
722,125.13487000174081
736,125.20371896130858
737,126.894471714768
738,125.06074248772201
743,123.82214230887426
744,121.57353327993744
747,124.95561645965041
749,127.43016916589251
750,122.90988996960456
756,127.80455511502203
762,120.2496491192748
764,128.01572055846975
767,127.74504188632409
769,128.79648690902425
772,122.22442727807008
773,125.01453893746975
779,124.2978541038919
781,124.60885928728003
790,124.55358355078265
793,124.08168129983024
805,131.74700712452997
814,121.12758066936762
815,128.6554424980976
826,123.45550673467658
827,122.64286382146372
832,131.65129127726624
833,126.93938489063362
836,125.86498412271843
837,125.59869933565504
839,124.29434085461828
840,127.46060017913743
841,125.44528242881417
842,123.26239039141666
845,122.22802745239595
846,129.7448597309015
866,123.13487553557
867,125.55822910691545
869,124.17245859496919
873,124.9265388484514
874,123.83058920357493
877,126.62247404950318
878,126.64896997455783
879,127.25039670139527
881,123.54263536681546
884,124.10152854138867
885,124.79277662198174
889,123.14783533496288
891,123.70422021693268
897,130.45999678592477
898,126.4765876387368
903,124.99318684705567
906,126.22166770258781
910,130.78783283386076
913,129.90673476090956
922,129.74233531135954
923,125.79028639278916
926,120.89938568811286
929,126.807708029549
939,128.37598811064993
943,125.62092237435797
945,118.83870518401349
946,126.34802944151603
951,126.64614978939456
962,128.4798386094162
965,127.75562934648416
969,127.05349897611146
970,124.90363039867175
981,124.14366014636211
988,131.11118218196034
996,127.60161891837325
999,125.8991094213787
1011,119.85728512645798
1017,124.53365614533226
1018,124.03390711027615
1021,122.65044768038395
1029,125.68318703282903
1031,127.12288902360548
1045,129.82187175889553
1046,123.03298237304485
1050,128.92051349483785
1066,126.50225448245861
1075,127.13893843636811
1078,125.80743415171507
1084,127.56465204774217
1086,125.78847427919716
1087,126.19545695270955
1091,124.55721799716652
1094,122.30824267183395
1098,126.08433847409661
1099,124.15458981474028
1101,121.84517811193402
1102,125.33460596828715
1103,121.46313888585463
1105,123.79665713681666
1106,120.86775265816247
1107,126.19757300164767
1110,124.91942223097573
1111,124.76167271347288
1117,119.94516806797328
1121,126.77167071003171
1131,127.37637696331588
1134,127.99336881073037
1135,127.09990919095726
1137,126.1864036925035
1139,123.76566991770244
1145,122.13282857343661
1146,121.30438071810234
1147,126.55281283675833
1149,131.41828374869766
1162,122.21447589225265
1169,127.01101889876301
1171,128.3890284572558
1173,125.0409447200766
1188,125.34461106082708
1190,124.89201237339788
1192,127.16669689388428
1194,131.13735122735974
1195,128.3108102450139
1205,126.89063181043112
1209,126.56610981551752
1215,127.55227445924251
1218,124.1641206406847
1220,120.80675254339542
1221,124.7945085426418
1229,126.54777594926891
1231,126.0500764693895
1240,122.49516565398851
1249,127.6613116633599
1250,124.05078717629365
1252,126.10242757354774
1255,124.51289659384727
1256,131.31832729027147
1266,125.21586944832116
1273,126.75406474901332
1276,123.29496757146057
1277,126.525550289272
1278,122.46594489041476
1279,124.94442188752765
1281,129.90537846354187
1295,128.65950500912328
1312,124.02784722776275
1315,125.56693027928266
1316,127.63930008863606
1317,124.67115572685414
1320,126.80886449505762
1323,125.76827833217774
1325,123.22744681635645
1327,124.31833396311937
1329,125.78585925491575
1330,127.23992861143249
1331,126.27032955761226
1337,123.95247747858095
1339,122.89798584263298
1345,124.90851735593277
1350,131.95378677993577
1354,124.58607354099924
1355,121.99676065264394
1361,122.73758013197121
1363,128.19667676727255
1369,123.06213074547625
1370,128.70598292959733
1377,122.49007669652852
1378,131.1837971838946
1379,131.09003658978776
1383,126.77691882354381
1386,125.26288392508027
1388,123.26783400581063
1389,127.00658896309712
1390,126.20917738963765
1397,128.16518924724005
1406,122.56371608501868
1407,131.54827329374186
1409,127.64011168933537
1412,126.99882865676996
1414,118.40272260919383
1415,125.4225727660467
1422,124.24258229225978
1425,120.22137405295868
1426,124.17977163499917
1431,124.8451622546599
1435,125.75594136864632
1437,130.09695032992005
1450,128.86931228623376
1454,126.55502866792284
1457,124.3681034032489
1464,126.06075287198385
1466,123.44768744041046
1470,121.038904950782
1472,123.80244182418673
1477,124.6489673970597
1479,125.17940947694944
1481,121.26667712001692
1482,128.10584775812694
1483,122.68064994037482
1486,122.48431319993942
1492,125.16829699023039
1496,126.12858524597449
1498,129.14435397626005
1510,126.81680973110021
1513,123.94941765621432
1515,120.67367226375329
1521,121.12066593724394
1526,125.14298413509067
1530,126.14738556863283
1531,129.0906248382005
1538,122.9415177639124
1544,124.82300755997011
1545,93.45162386235499
1546,124.08302447037306
1547,126.2473954983092
1549,134.96433951579047
1553,122.61166239384656
1554,126.14635414511683
1560,126.04588352602589
1562,126.85131367797769
1565,123.1620695180316
1568,136.22545209237254
1570,122.7049398589425
1573,128.30197850411952
1575,126.57720724999874
1576,128.89078360810473
1579,127.27354890003231
1587,126.64466178819532
1591,125.42558365554203
1593,130.49092324108256
1595,124.08452605630539
1597,123.029514788516
1604,125.02195575093714
1607,124.14869708826072
1614,125.67670633743013
1617,127.00638077044549
1618,123.92217284261716
1619,123.57844968946176
1622,123.7991377873171
1624,127.04209556951663
1639,125.90070436602727
1644,127.59630546268814
1650,126.57301636795802
1652,126.6457023493776
1657,124.93079553646035
1658,124.26242672877832
1664,124.55125862530134
1683,123.93276539468081
1684,123.27077165567056
1690,125.80554299819325
1693,127.78004770236868
1694,122.70091583360905
1697,129.57272017757717
1699,130.79976514088656
1701,126.6863939937125
1702,127.59368884803507
1709,128.57509380226722
1710,126.38468616613625
1713,129.10421783846482
1717,123.26444008320925
1721,125.98578403211862
1726,122.3272340746881
1737,125.11302948410763
1738,128.35797561638728
1750,120.3859654580936
1752,136.9972491224462
1753,133.23838237108092
1755,129.22746173947766
1757,131.44999458548367
1758,126.86046924022847
1765,128.44046839450831
1767,126.81923968252995
1768,124.75704281036319
1771,123.63172852548902
1779,128.30623156187636
1782,126.80377225581597
1784,127.681979384455
1785,125.92025752731595
1787,124.51889963469458
1794,126.76404715216576
1797,121.84794701467757
1799,125.71065653165999
1801,125.88751476270312
1811,129.41283810888166
1813,133.23137782423117
1814,125.26753956603142
1815,123.40870267251175
1826,123.43475608925282
1828,129.6010889969918
1832,126.43654984709013
1842,121.91064069306168
1847,125.09400163075416
1854,124.95018906147558
1867,127.09351006200727
1870,124.3924226165404
1871,132.4403473425515
1876,134.08665416103804
1879,125.60425576803647
1884,126.94883263414718
1886,124.71537270995559
1896,125.99390346427559
1898,125.45713009999936
1903,124.19535233588692
1910,124.06849243464086
1918,124.4466649402347
1919,124.3777652049859
1923,126.70209802216549
1926,127.25353571356494
1928,126.91800188421416
1929,122.75069818354014
1931,126.1210496283011
1938,129.58813097126767
1939,127.54137574404326
1947,125.57123832385973
1952,124.88082530670955
1953,125.39492135169489
1958,126.94830334885015
1962,129.6378342657905
1963,126.17286209266511
1964,125.60608853227356
1970,125.61859619583714
1977,128.17865472401516
1983,128.76387723548737
2007,127.44524752862375
2009,129.19552602959197
2010,120.7673109076155
2023,118.99386597825875
2029,122.95124017739806
2032,121.96112548724098
2034,127.81169734489677
2038,129.80453034621425
2044,124.28874422974499
2049,127.2264898399639
2055,126.48104409458148
2057,125.38954352826941
2061,121.23386941898326
2068,124.35284707932266
2073,126.00686564586047
2074,120.86130199950556
2081,127.0601678093028
2086,124.16567480096714
2087,129.2493383027111
2088,124.66378039855569
2090,124.9313221264471
2093,124.0390692694394
2100,125.35649286557185
2102,128.5414209649247
2104,124.45569736313193
2115,126.25053137860715
2117,124.09718462236071
2123,128.2653312146255
2126,122.2619651660188
2130,126.88783176620703
2131,127.04909658113696
2135,125.70442059416881
2136,128.11635343789473
2143,119.13289639986573
2146,133.9952803834835
2148,130.3518782501212
2152,134.16972142893707
2158,124.98027615109248
2161,124.67829961296367
2163,125.83817021128971
2166,125.3290744795667
2168,125.38416638234384
2169,122.39973369569115
2174,124.8181875919701
2176,125.27554461608966
2180,127.86940201726973
2185,123.99339786245537
2187,126.61534919705034
2190,119.01195099923446
2191,123.70241889713725
2198,126.73469091471682
2203,120.73212960983709
2206,124.01050018117144
2212,125.76018535062617
2213,126.20540271908345
2219,122.37194926620839
2222,124.65338467289828
2226,129.20562327261425
2228,129.60176795510202
2229,128.11255285955897
2232,125.69774202522724
2234,122.66296096761616
2236,125.15021827439496
2241,125.35206211511556
2244,126.61852062085794
2247,129.89482355571232
2248,124.94888030715397
2252,120.624331307631
2254,125.78709800131425
2262,124.8522015906164
2265,126.7767606816707
2275,125.28629771181033
2278,125.33636576130776
2282,124.73710578019706
2285,120.54602381930943
2286,125.24039963984333
2292,127.69148978420868
2294,121.95405749209893
2297,128.9867188315426
2298,130.5509311718613
2301,123.77690567547656
2303,122.51261189721399
2311,116.89712652448509
2312,125.49176019497153
2313,121.82505667102171
2317,126.8923038208516
2327,124.3645372622409
2330,125.88715890721615
2336,126.61459712702194
2338,125.70440513517268
2339,126.3280397841075
2346,124.49461385527076
2350,125.94602126302969
2351,128.36045847767278
2355,126.23240630191721
2367,128.80610891181172
2369,123.59810811434288
2370,123.71208630802214
2374,122.73860636418846
2375,122.24317321183243
2378,124.24458964434919
2388,128.18741523219325
2391,124.33321521236219
2393,126.99037676018885
2394,124.16801041370074
2396,127.92700110042128
2400,126.74228740374144
2404,123.4853483423411
2410,124.4749835616126
2411,125.07292881452715
2417,126.41040200518556
2421,124.79095948394205
2426,129.11614334647558
2430,118.14527990225922
2432,128.80209431176715
2433,123.73519701341631
2434,125.84358197586371
2436,124.49439347989158
2437,129.5943071733486
2440,124.0286825703335
2445,124.36375412499777
2446,123.96450490342671
2448,125.01420815502226
2463,126.56647229934222
2467,126.88057137819465
2475,125.32496694108947
2476,124.12080797375936
2478,126.7337442797176
2483,123.82080617057537
2486,127.22599221762232
2488,124.84551077799694
2490,126.38683410058243
2493,128.63122985675284
2502,127.03475061119872
2504,122.4743491522411
2508,130.93607447603074
2516,127.63568512981095
2518,123.13170435351108
2519,125.23641546220662
2520,125.25823478846134
2526,131.92615071832307
2529,123.62185778552701
2535,130.27020030222167
2538,122.59821749047936
2539,125.74107953129682
2540,120.77685772681734
2541,121.89726546337914
2549,134.3974119275642
2551,128.63529083826003
2552,126.100813381622
2560,125.56856476540952
2563,124.79320435295882
2566,123.28409334127545
2573,125.50035423740255
2575,125.95923184294641
2576,128.0508770307641
2579,124.43936148357432
2582,128.62673485000266
2593,130.6005897275536
2598,129.6639190344607
2599,126.37441508791824
2605,126.2422123762643
2607,127.231307151805
2612,125.32993568789087
2621,126.73671641827032
2624,123.73274923674863
2627,121.70596664357558
2628,131.70478000130248
2630,124.36924089703997
2638,125.10133398607547
2641,119.58295973448023
2642,127.32829400869495
2645,125.38324280784408
2646,124.00943122705722
2647,128.99200622692427
2648,123.37364826243693
2663,124.8685085025521
2666,122.80457772254447
2668,124.47216360240269
2672,126.92111292177876
2673,125.72981117410988
2676,131.66299289736764
2677,124.13241422849964
2690,123.54560749324483
2705,125.04417849430102
2712,122.96999480815076
2720,127.77929327548154
2730,124.06654939496575
2732,131.41398091226137
2733,122.69566578154455
2734,123.9914591629098
2736,125.96580720405454
2739,125.42045682930362
2742,127.5892238847087
2748,121.4937816416846
2753,124.50300778502644
2755,132.65320921652986
2757,119.4906182061023
2781,126.65005356285079
2783,126.04126254889921
2785,126.71338211129877
2792,124.30314860055086
2795,128.19975578971693
2797,126.22824006802507
2801,129.75520520029434
2808,123.93083680287464
2815,123.78319060525638
2817,128.24699457456637
2820,126.43941923882566
2822,122.6311986479774
2828,128.7437808286982
2834,128.43858327899557
2838,122.94327507798187
2843,126.58291159215804
2847,126.67563562551281
2861,123.11461677006639
2864,129.69952513366886
2868,124.14349057024836
2871,123.6521103199363
2874,128.8234528653485
2876,123.29446895139739
2878,130.75788971348908
2879,125.50872776334236
2891,127.01897007514661
2893,120.77013686208572
2895,124.42811520441356
2898,121.2389408676935
2900,123.04827732340864
2904,122.13231872338176
2905,127.25863487170707
2911,129.99828841592446
2912,119.48406228261234
2919,124.19343585602924
2924,134.15281480316293
2936,124.02848288345908
2937,127.46625834966662
2939,125.16429719247691
2946,129.16695083624083
2948,126.01491636088811
2950,127.6485629588887
2966,125.48210631626065
2974,126.91051645506315
2987,127.43407979884441
2988,129.23981271671747
2992,122.8533596062939
2994,128.6119675739231
17502,125.74594432212541
17509,123.02101447237467
17518,128.19281240886983
17521,128.46045389320142
17524,124.61411057785398
17529,124.89465157521062
17530,128.62982420969826
17539,124.76049645538649
17542,126.62754756542581
17543,128.29574074138714
17547,124.59762373941378
17552,128.2133684244914
17553,133.15631502121443
17563,125.44012721021467
17565,218.345556840429
17566,127.98734639833135
17568,123.88521744328469
17573,125.11990154813414
17587,128.6165392604866
17589,123.92827520825354
17591,124.80980872771462
17593,125.87809033181843
17604,126.34284375713777
17609,121.12504301798172
17611,129.5672111130624
17615,126.61926974012798
17617,131.73441441561127
17620,124.04487040676945
17623,120.8899749940056
17627,123.00194786769117
17636,123.45691388171493
17646,123.98336389131802
17649,123.91109567206838
17663,125.00730701277375
17665,123.8667012356486
17667,126.38701636810164
17669,126.14363909419812
17671,126.42688636037214
17672,124.20357649251243
17676,126.9197281778618
17678,127.17034079793781
17679,122.4341767723312
17683,129.82870069811338
17684,125.71509323124499
17685,126.32830247813746
17690,123.36743271101973
17692,126.44589539779992
17701,120.0957785831416
17703,128.03641272938677
17713,128.02581041536445
17717,125.51827494241563
17723,119.63844133961265
17731,125.10151015590958
17732,129.198304177452
17733,122.11908836184885
17747,130.1819260321833
17749,123.78601076037621
17751,120.67507004469384
17754,121.24396306059883
17762,126.87391040599792
17766,125.17343408540577
17770,120.85974797693775
17775,120.06844239407305
17782,127.4087332892593
17786,124.67809791482598
17791,123.23722559296775
17794,128.43472133833367
17798,125.21024755066969
17804,127.6315013654305
17805,122.70687827917273
17807,124.78405297594364
17808,128.32799268178604
17815,126.44336552777212
17818,127.1187631472599
17824,127.51407880715516
17830,126.57936254576259
17831,125.21419752166628
17832,124.65755185026832
17836,128.12519560511063
17843,130.23003524939452
17844,124.32548610166948
17846,124.78121847754996
17847,128.21978139125872
17849,127.13455809228869
17851,127.7494362245698
17862,125.68240794835882
17864,123.82964385329572
17865,126.8290764814103
17866,126.28155098820663
17876,124.3968266275211
17879,124.95766123856512
17883,126.37781846926877
17884,132.67594399262902
17889,128.23781398479753
17894,123.42645055170665
17895,127.19281196576752
17898,128.81185428871026
17899,123.95604364923932
17903,125.1482640916039
17904,123.75930285307413
17908,127.0488560922062
17910,120.1372217844182
17922,125.56491425397518
17926,125.27218250325555
17928,127.41754571215924
17930,123.28555604961943
17933,122.13969174637258
17934,122.63634027411365
17935,125.23842442641819
17937,124.87557039994648
17945,122.2852260666295
17956,122.29939371382459
17957,130.20787145803908
17959,126.11708313492177
17972,127.13161624827477
17973,131.98306829168413
17979,126.36576840358755
17983,130.83537980459266
17985,124.48675263490885
17993,124.29572512925638
17994,124.39361169610176
17998,124.77180382469902
18008,125.20852825620065
18027,125.56944976647921
18029,128.44275621484928
18030,123.60575992409291
18037,127.87076253398095
18043,128.06800779294386
18047,128.40416345833899
18048,123.66805812686931
18050,129.13148208964566
18063,124.59566479212798
18064,130.03698786450556
18067,127.25147314146149
18076,127.12658138628822
18083,127.02306932583262
18094,127.42169302959937
18095,124.15114189613989
18105,122.7813285888517
18111,122.50944428907309
18120,125.84013053671407
18121,119.7960936695345
18126,125.52914596099711
18127,129.29412443972254
18129,128.07770378891323
18133,128.1346203216109
18138,124.8464077370307
18141,125.18936824275258
18147,128.10254783169742
18148,129.89141401564683
18153,123.19642802377193
18154,126.7990882550245
18157,126.7046847053368
18158,120.39176361352196
18160,124.59496076871912
18161,127.72306594739392
18166,120.73104600708902
18168,122.52563880513301
18170,129.03444754005218
18171,123.6806637183298
18172,128.37684087361933
18173,129.61501975709047
18177,125.23417875207709
18184,124.13359607917148
18185,129.08964675940356
18190,129.38995383361785
18194,126.75297780787139
18197,124.29707479753044
18198,125.43827225500179
18200,128.57313448830894
18201,125.952826917188
18217,125.74636116337204
18228,121.95624438381259
18233,123.0581447926661
18245,121.7270315784557
18252,130.0704647048599
18258,121.32724973760583
18260,123.8999799996881
18261,125.9906518034423
18267,128.91494856315845
18268,125.63926052806892
18271,121.72737617655653
18274,121.74831686224772
18278,124.84783594930444
18280,126.07970807283984
18284,126.20415138644503
18289,136.61658163620496
18296,123.43208107666405
18304,125.13378289509225
18312,124.46251375655812
18313,127.28588152688789
18320,121.32321624167865
18321,122.91685076549007
18323,128.31965216116086
18341,126.31218255215325
18344,131.897541183083
18352,114.8240021550591
18354,127.27249404596384
18362,128.95222031022908
18364,123.67007188133732
18367,126.82020538165644
18370,127.3158303016894
18371,124.9444116573275
18374,125.70551069975019
18378,126.20817632519777
18386,127.82222459145659
18387,124.26755185533838
18389,123.19278944446938
18390,122.17122720522352
18397,124.44346684716234
18399,130.4801560815932
18405,123.17651131628035
18413,124.42840961360001
18416,122.34292868663798
18420,130.4456226731989
18424,121.84787596038086
18425,122.85199900957636
18436,127.51135238624938
18438,128.57232751930763
18439,123.31793647667645
18441,129.21275338056236
18449,127.954558089055
18450,126.89656788526823
18453,122.74322995582204
18456,126.54990199862225
18460,126.05512515776469
18462,125.74176040794255
18465,123.44556519675062
18469,124.7019841211361
18472,122.37611540329746
18474,126.55243053572937
18477,120.1714472231269
18479,125.96625544782263
18481,125.54974250582869
18485,129.34288906553792
18487,128.33319204699228
18488,126.80678845522704
18492,126.44056989205595
18501,124.47776802621847
18511,122.33125667402025
18514,130.50977729680184
18517,125.10074270055489
18521,121.76622063939604
18528,124.05928558347199
18529,124.58249388189539
18533,121.57342322242006
18540,128.10799398375778
18554,120.86501263434198
18556,122.76837887577257
18561,124.51482029028867
18569,130.86189654528852
18571,124.96211262514448
18572,119.22781584453287
18573,126.53325753699092
18575,124.26780249793663
18576,124.16322648327133
18579,125.54472080116071
18588,123.22032018721562
18589,128.83004933807442
18590,127.97522539299126
18595,130.1227891143898
18599,127.32307136249977
18601,123.9573017694177
18605,127.18314458792845
18606,126.74113032914379
18607,126.08020814344302
18608,130.44869442904914
18618,125.38634732805392
18620,124.49692291945269
18621,123.39014570526798
18625,123.35938935937726
18628,124.66291513341413
18631,127.14672632693778
18633,126.86728711619865
18637,127.07283230349321
18638,128.54301701397938
18640,125.02614717062723
18644,127.33593718030762
18652,125.4371804165917
18654,124.53422496894676
18655,126.73961550323457
18657,127.92622844070056
18664,124.91295300362245
18667,124.79513113574615
18668,122.67234614225201
18676,125.29120588420659
18681,122.87172603577801
18687,127.69793463108876
18691,132.70168896990563
18693,125.27967418425425
18705,126.56345771548365
18707,126.82651890487864
18708,126.73885955644775
18709,125.9079761283427
18711,127.99734349035121
18715,124.96467302559513
18716,126.89774456158509
18718,125.96523621825816
18726,123.36911984926522
18727,126.29827483864689
18729,123.18638103389908
18731,123.58100976647329
18735,118.99791802832135
18749,125.66967882094724
18751,122.51205435462447
18756,126.38227572110299
18760,120.40712970872951
18761,127.27315221851785
18765,123.03620446137917
18766,126.5227709164841
18771,122.51416710433031
18775,123.80533230343714
18778,126.37955760010753
18781,125.3031475776415
18789,124.95787540730234
18790,127.85250719475164
18813,124.8449095390115
18814,122.5217410816809
18817,126.57345566564976
18819,123.66478888464076
18820,125.95427165661681
18824,128.3546095171477
18826,129.83124706748123
18830,124.7947971956419
18834,126.8790321987259
18835,126.38298768980113
18838,125.79845867069835
18846,120.68070489192904
18851,125.49802545622468
18857,119.7372251875125
18863,123.23788051186126
18865,122.52832021164468
18867,127.11314922008678
18869,120.69883300036443
18870,129.43641749808353
18871,130.18376355831433
18873,125.8707955852701
18874,120.23073642575073
18878,126.06870200762026
18881,126.11054423091977
18885,126.75496935326895
18887,128.38289305817273
18891,129.6994580173322
18894,118.42676364956033
18897,129.13669292056935
18899,125.10259535444601
18902,125.58819693388467
18903,124.19520094036676
18904,127.55450662356748
18907,125.32350664724196
18914,126.56795087063676
18916,122.67139784313645
18920,126.61546025177014
18921,120.31055173496449
18924,127.90763585441343
18925,125.05849318983348
18928,128.11096329317343
18930,125.5890471296043
18932,129.27589958017398
18939,123.87351787148695
18944,125.34649943982652
18947,122.21686450049708
18952,123.39053827281933
18958,127.6881738590606
18961,122.6371451058096
18969,127.85901401907515
18970,122.7300458631855
18973,129.70899191373667
18975,122.95739428740706
18981,126.95808682527057
18982,124.88579289433154
18986,127.51216061865021
18993,125.86668675800803
18994,124.86267710673283
18997,119.81151931615994
18999,119.90435130737731
19000,124.36433640563267
20510,127.68100255402146
20518,125.53713588892137
20523,126.06252125546408
20527,126.71316556670831
20528,119.5793600629971
20531,119.65091457912801
20533,125.03756199352796
20540,126.08651652094105
20543,130.22388110662024
20544,126.64586143874142
20553,121.94893705663087
20554,122.03048493399587
20559,122.99189581563247
20565,124.5607209657397
20570,123.54693778895144
20571,123.96734318788695
20576,123.2129355632487
20582,132.02580697395322
20593,124.41383103894282
20599,125.13847598459276
20600,125.45346548841412
20601,124.77918245169305
20607,131.48512707931977
20609,128.76378178005328
20611,123.28984266671398
20616,127.85207239034348
20618,131.36725678042646
20621,125.85872690357753
20622,122.26530707423645
20623,127.88201234640832
20626,128.3213711756488
20629,122.6252010866347
20632,128.96280590905158
20633,127.38826349609486
20637,124.92562304021196
20644,125.48811393190391
20645,126.72546557572501
20650,123.09763917731303
20652,125.72197474326111
20659,129.21788940613683
20664,127.09884203275355
20668,127.21914733095849
20670,125.66757026600607
20673,125.57277654538603
20675,120.99794892711957
20677,122.05292729709896
20680,126.74747671644522
20682,123.86650674927839
20685,125.6445282387963
20686,125.45580883899099
20688,118.72275546592516
20691,131.4585051259355
20703,122.17488492399558
20711,123.49281615993414
20713,129.13188569722826
20715,125.63119807098715
20717,126.33240760001816
20726,123.10887104907653
20727,127.7751833107487
20731,125.66160110166572
20733,124.35801199830415
20737,122.20090098810218
20750,124.33407865343248
20753,126.0178700020275
20760,128.9081234033155
20761,122.64989896852651
20765,127.21433213879641
20767,129.02429788242816
20769,125.42770044856731
20772,120.55618328890156
20774,127.11981876697114
20778,123.90432139714672
20786,130.0879686587231
20805,126.47912256364994
20811,122.65627548469381
20813,122.74561040243778
20818,123.49158584972231
20822,126.39317808091775
20831,123.47661208505977
20837,122.28079316102595
20853,114.32913633844638
20859,128.62881458889137
20862,132.5296760187927
20863,125.48291061613207
20865,123.97140173831458
20867,123.95503978322085
20868,124.41061503515613
20870,123.50186281513975
20873,130.16986981409727
20886,123.1676222508719
20889,130.96415771596074
20897,125.58022068186473
20899,124.1441292715173
20905,122.53359337706394
20912,124.61843370406568
20918,129.60786003183307
20925,123.88232943991876
20927,127.3092423473698
20929,124.00511534252762
20939,128.3796848014153
20942,125.22203025044395
20944,125.87796609392936
20945,122.29192186780706
20953,128.998307988671
20954,122.99146046571401
20957,123.80538079183502
20973,128.57052211198547
20976,129.23659182999506
20985,129.01720375225523
20988,124.62057748662765
20990,124.414758758175
20992,129.43883890563117
21000,126.85818287269596
21001,123.18752000203663
21019,124.08577735631202
21021,128.06580465228032
21027,127.47300360259007
21029,213.86536960437724
21031,123.59941148506542
21035,125.74140905282749
21037,120.49997437276706
21038,121.57463674454505
21041,123.24581569635647
21047,126.82931937347334
21053,122.10733277509152
21061,125.08241216397684
21062,124.74462620138145
21072,125.93308613245112
21080,124.23513729211903
21083,122.85481976960226
21090,126.65433147647317
21093,123.92625573346577
21094,125.76071955204485
21096,125.22771518593854
21097,123.75872614801894
21099,127.99660229136038
21108,127.84187004951279
21112,126.38530649909166
21113,124.77003429924396
21114,127.8523547481838
21127,124.93389237402705
21130,128.54155965122422
21132,126.39749794540667
21140,126.37211464904095
21143,123.23959618248416
21146,128.27143222914168
21147,126.0322389755593
21151,120.9707508702616
21156,125.01235521224656
21164,128.59651179059404
21166,129.13242499693672
21167,126.66978120039315
21169,123.24847547250796
21174,126.6937051372913
21177,124.04243438804409
21180,119.84661887399079
21181,127.48031840167846
21185,125.50234967521591
21193,124.58062629444242
21200,125.9135788657601
21201,124.77591808690894
21205,123.56699871455507
21210,124.78027457327018
21217,127.53082387822818
21221,128.93538207106616
21225,125.99624752615162
21228,133.05142147412795
21235,126.54538021686903
21240,128.20537879046336
21246,125.48624726317287
21248,123.25221361356262
21250,126.42757194064431
21251,126.47179727167183
21253,124.79126032240957
21264,125.12463801158967
21265,128.82295445982217
21271,122.79464450886682
21273,128.25621220058898
21289,121.25400794611656
21290,119.84570152964389
21293,125.45587787066557
21294,124.82259963446178
21300,127.92064029320966
21301,121.5690593271581
21307,126.42063753357836
21314,121.74106814750236
21318,126.09149379473621
21324,128.2121687698133
21329,123.93058915486652
21332,128.86800177384012
21334,125.53272444455415
21335,128.28652497018345
21338,126.0103327370107
21348,128.77898959024026
21350,126.80931264267447
21351,126.28582333017162
21356,125.3174346530397
21365,128.78349037491625
21369,126.95910112407846
21370,122.48251977168012
21375,121.82925751765562
21376,123.41326973415781
21379,128.28016502037897
21381,125.9907851801279
21388,122.93472467316204
21395,123.3886301655909
21398,124.80657878613697
21405,128.41306795829138
21406,123.23837171937544
21412,126.41861213430894
21418,124.94283895692439
21419,125.07373613311934
21421,125.4938067471467
21422,122.9883404756707
21433,132.61519874198814
21434,133.23000807117248
21441,125.29773524811216
21450,124.30022882727323
21452,121.56503890656494
21456,125.17722822884208
21462,122.7154587787857
21467,122.08990024467188
21468,127.68186988475081
21469,124.80585482990907
21472,122.30715518792212
21480,124.42513485550538
21481,128.70720675609417
21483,124.33297545207641
21484,123.71603659014224
21490,124.3274208291877
21496,125.48779955199535
22004,126.13081133898858
22005,124.19655709294187
22012,127.06201979722024
22022,120.79601308709034
22031,125.15916090940318
22033,125.83999318891912
22036,122.54396941700709
22042,126.99109571526793
22048,125.13993589639864
22049,130.01258338941017
22054,124.35114604489905
22061,123.94743905121095
22065,129.44476105121026
22066,134.31662627350642
22068,125.95260942142868
22069,127.18628134529207
22071,123.87817406586883
22072,126.80984842085138
22075,125.2595507632739
22080,125.34592939274579
22081,129.38003520424542
22092,121.93817546115793
22093,132.67255253196626
22099,120.90613835726742
22100,120.25437634539935
22107,125.82503916239571
22109,127.09408163119252
22126,124.26324025841686
22128,191.5534591237336
22133,132.21519340513814
22134,124.70614845275807
22137,127.0537566149956
22146,124.69432602780624
22156,125.22160133919104
22159,126.46788290552607
22165,123.15274828115743
22177,124.9758712416748
22179,120.34116038654928
22183,126.58780185721429
22184,122.34885695637213
22186,123.96740711762581
22189,129.03880617254117
22192,123.92606897320825
22193,127.9992600051829
22197,125.96824341289862
22199,124.73309120082463
22205,122.75720240931221
22207,127.52414521114622
22223,121.61838711031429
22230,126.40131219960084
22231,132.54338003530796
22233,125.6730233496504
22246,121.24192127250328
22249,124.21619865981367
22252,125.56371231410141
22254,126.61874842864539
22257,128.3632546107591
22266,126.83806125167524
22274,124.86640320839447
22275,126.07928737119445
22276,122.91253540612588
22279,123.24169024909418
22282,122.54638076882779
22294,116.40500703706496
22302,127.96084398668809
22303,125.55385463050234
22310,129.32234671249248
22312,123.38804248337368
22313,124.31957338691494
22316,133.7376116820013
22322,121.07102578907518
22327,125.70399384228476
22341,124.60424438985399
22342,124.73113553456604
22350,128.1622845966906
22355,123.9238137086441
22360,127.00341500054276
22361,128.09202409964738
22362,123.50046797351503
22367,123.73752043286991
22372,124.89925095087708
22383,122.22048209400799
22390,125.19631064993166
22395,126.95014160051672
22398,129.26992574536925
22408,130.15326297503347
22410,130.28683875427043
22412,127.53228423524159
22416,126.9966227739777
22419,126.41412355717358
22420,121.17530068265422
22424,127.25538072983232
22425,123.03005593620341
22431,125.84503216822077
22433,128.21802340425947
22437,126.30527062040125
22439,132.366787392743
22444,123.18008703200736
22445,127.24161122246383
22447,119.89409717952435
22449,124.49094260042149
22458,124.45497976243081
22460,122.43056919181868
22461,121.39422211309085
22468,124.23749231849652
22473,125.65916199595415
22475,124.39819726654872
22477,124.79302596444516
22478,128.29982237291154
22480,122.07045481968981
22481,119.8438799530079
22492,132.70936787216053
22493,119.89029757347532
22496,129.09639862116848
22501,130.0777897403727
22503,127.95898371387187
22505,124.29971010690451
22507,126.72214919848611
22510,124.4972637862893
22514,125.93570030799143
22518,127.4350919322566
22519,126.33266132696289
22521,122.43276417356842
22522,132.73090342342203
22527,123.50946020710771
22531,125.51486008783853
22532,125.61817367755924
22533,119.93921589973759
22536,123.82579807917885
22540,125.80038077571957
22544,131.40667114523387
22547,127.41036595547088
22549,122.2099993335922
22550,129.58005740559244
22557,127.1939377497561
22559,125.24447027131376
22563,124.55299644724336
22564,122.33497575192617
22566,127.30751801332777
22568,119.41313555755991
22572,128.88562908150922
22575,132.4991399391554
22576,124.75068863305903
22582,127.68879431125457
22588,125.23576029000603
22590,125.44268277917834
22592,125.05416662554934
22596,121.70577151584997
22599,123.93648498742076
22600,121.64579267442639
22601,125.68811295994247
22606,128.35569754941346
22608,127.01827528819658
22611,122.08042960529332
22613,125.59737104703947
22614,123.53696472106516
22624,124.89988291760379
22630,125.2336138936017
22634,123.31191098684293
22641,125.6883826718157
22643,128.16232075273646
22649,127.11938180687156
22650,125.47373397147753
22658,123.17685761704378
22659,127.32881372521646
22660,120.53663264331655
22661,130.2643635390237
22674,126.23100442542616
22685,119.04794886912707
22691,125.2818151662601
22695,119.98841717161885
22696,122.55883038297706
22699,128.80826225912364
22701,126.58100164299414
22703,120.66914305573212
22713,123.82107578724747
22726,123.06331470297317
22727,126.62995912477881
22731,125.02737715714215
22737,120.25062319302464
22740,123.23161755920717
22741,129.81696157511396
22748,121.76535560955011
22755,124.36950043531162
22762,129.1596566429498
22768,129.90519806021038
22769,124.72943390558284
22773,123.81450965286035
22774,119.36741331507359
22777,134.4016160406464
22780,124.50249952233862
22786,121.45088181651617
22793,124.50515755312428
22794,129.72430349792165
22795,123.09673502072516
22797,125.50896020390162
22799,125.75324266676844
22806,123.08655520146259
22807,128.93754863944812
22808,126.83093412279378
22809,130.13997336573664
22810,129.61689811360975
22811,126.9262259129254
22812,123.88993814745217
22813,122.31856409055807
22814,116.30012521766234
22816,122.38309811019195
22817,122.51358160591596
22829,129.29671890323692
22834,128.6690673120297
22835,122.63802325182895
22836,127.23640601643477
22839,124.47143308710132
22844,128.1388059516425
22849,129.91284724105384
22856,121.21389465265672
22857,120.46429319660666
22858,127.50220450109082
22863,126.48427764427541
22864,126.03089197817555
22870,123.48757377839647
22871,121.52769997638313
22872,123.26345428996747
22877,124.47685161496457
22880,122.96442156961655
22881,125.77574218602166
22882,121.03204308556319
22885,125.24817966923337
22890,126.0107832901713
22891,127.41775298934589
22892,125.28362507832503
22901,126.20612458835099
22906,123.63943465705933
22909,121.37100508944793
22912,124.56842362273362
22913,124.8140362181042
22919,126.48328197831599
22931,122.98971988973382
22933,120.77092202611169
22934,131.1824834754387
22939,125.40238143384389
22941,125.92164985350124
22942,126.97866572932156
22948,125.99566882611305
22955,124.513684270816
22958,129.72748473693295
22962,127.12436723698183
22976,122.26614441753313
22978,125.08442752069877
22980,124.55260374524642
22982,126.16973359898667
22988,118.93408710189046
22997,127.23382241948966
22999,129.22348850613997
23002,126.9102195933593
23006,127.53220877327999
23007,125.31435249854358
23008,127.8965441069187
23010,125.62789185932306
23021,126.7090725855263
23023,124.99875618696592
23026,127.40224150597722
23028,128.61181812195426
23029,124.45574324619224
23031,127.69384151130971
23039,127.3618165277074
23042,122.53483500920534
23046,127.8101410018291
23048,131.19059930088733
23050,123.88704584685983
23060,129.96507729485535
23061,127.40785903224017
23065,128.56504396586539
23069,127.98843542212025
23073,126.68956032503289
23076,125.19631090720219
23078,124.89703154805247
23079,123.38023430978046
23081,122.64619354971362
23095,122.54345104967855
23096,127.02252976750773
23105,124.04044792283491
23106,127.52329011246873
23113,127.232215186469
23119,129.12496993821654
23126,128.1084089840156
23127,129.29989404486534
23130,130.808432703659
23131,126.90373112570121
23133,129.24583774041716
23135,123.69681012133245
23137,122.67489942336972
23139,126.38922070173163
23142,121.6374738357175
23143,123.1396963066233
23146,124.48141252063816
23149,124.42225201309088
23150,126.31856168189317
23152,126.37473591568036
23154,126.7642175352693
23161,124.66946755473973
23163,131.81002656398576
23171,128.0448092253112
23176,128.33672671959653
23177,123.91303425122285
23180,124.89779567439494
23183,128.91235100065427
23184,126.8716605305211
23185,122.4034369511252
23187,126.19283088998974
23189,126.21807931597364
23190,126.39187095459891
23191,123.70011585299676
23192,126.82812336990021
23195,127.89394120076824
23196,129.71079046280437
23197,126.147436055251
23205,125.89575032284851
23206,128.07562527077687
23216,125.94679620724732
23221,125.64509310288348
23223,124.53167757033279
23224,124.02651351713966
23232,126.02071293726586
23235,123.37267296628424
23241,128.83457477004958
23247,127.1132044290038
23248,131.28735448784522
23254,127.554975727207
23255,129.15717944347708
23256,127.02648681246056
23278,127.90813783870918
23284,128.24987775698017
23285,128.75575197789965
23286,126.77556058093545
23291,129.41537498477476
23293,123.01114215499443
23299,127.7812851453536
23306,124.44489160823352
23310,123.28934141302109
23311,125.91930343655504
23312,123.53386721440945
23314,126.08059622887745
23316,123.44309373233287
23334,123.08386683798608
23345,129.50485730292866
23350,123.67896612391236
23364,124.88590655287287
23366,125.73319302857871
23370,122.54669635560842
23372,133.0030310005855
23373,125.56138878754251
23377,121.50463901371512
23383,121.58180316204437
23384,129.47582836566698
23387,120.95210374745324
23390,122.3441309310612
23392,128.30708838694977
23400,128.1378753649091
23402,130.28238101413905
23409,125.05006024961311
23411,128.78672685534542
23421,123.40509743222707
23431,125.33947222596474
23432,126.15507761110067
23435,121.64400390777806
23443,126.41637892705413
23444,126.6393147356296
23445,123.97109279725309
23448,128.28957212741162
23452,128.0469131606608
23455,127.42064892066108
23462,123.52245428152273
23475,128.2494784123461
23479,126.24421078610096
23484,124.95739168374915
23489,127.6526269244658
23492,120.89544845419748
23493,129.24751019363998
23499,126.15129921967205
26515,125.25411488153865
26516,125.00275125148198
26522,128.06783483809164
26523,125.98486827215112
26527,126.5952211301189
26533,125.40073874327712
26539,125.65088649405321
26541,122.09184535244667
26544,125.70335842893401
26549,124.96055862854034
26552,123.80879297827475
26553,122.87700642938785
26557,125.30168596821251
26561,122.26860293191778
26563,124.82616878041365
26564,121.80747030197936
26569,132.48706960168576
26571,125.74168934057016
26579,127.17169925175517
26584,123.20836393422343
26586,124.4494950146125
26587,126.24514389577773
26596,122.10300034396954
26598,126.89439281760421
26604,132.69725191316508
26606,128.49575577718184
26609,127.65199789211246
26627,125.9123888180146
26630,122.25928011102208
26641,122.76069456087676
26645,126.50759228502494
26648,125.29744656097992
26655,126.29559239448139
26656,122.784939314878
26660,125.3758314996801
26661,124.87351033511797
26664,121.85213840065028
26665,124.64790570712108
26670,124.08028807480535
26671,122.1352794701578
26676,124.8301751201259
26678,122.11921478345187
26680,123.74917956641458
26683,124.9980929142353
26685,122.08667927435066
26690,129.16502209782297
26694,124.27227554863393
26695,126.17397749559431
26700,124.76986326054109
26701,124.25271850839856
26703,122.02295220704
26708,122.25047060319433
26710,126.05919089535251
26712,128.9647071868517
26718,126.36082316299589
26721,131.12106316800154
26722,124.83674324335885
26725,129.19718372818863
26726,127.48994288376623
26727,127.44166469611484
26728,128.92153413028015
26729,119.01416880490905
26731,127.77678104327596
26734,123.29982987157115
26756,126.95235970160388
26759,128.79373536533694
26763,128.3691297075063
26764,126.27477229025408
26766,122.9158541793852
26767,125.09449630839461
26770,124.68551673283511
26775,126.29596706289156
26777,122.13422209147639
26779,122.81783509963438
26790,125.24513609979103
26797,126.46028592712644
26804,122.59901565295701
26805,129.029311075869
26806,127.61927729063443
26808,126.01210006884632
26809,122.3425105789978
26812,125.70741097056285
26814,128.3918858850822
26820,122.89769132077795
26824,128.62915786034324
26832,119.87628279442718
26839,123.5576134280588
26840,128.10476985149995
26849,125.35390697811134
26851,129.37538604249607
26853,129.00260080997853
26859,124.58090504015352
26866,121.88863844251358
26873,125.46116682503173
26876,126.0710879638769
26884,126.26623086439744
26889,124.52680442932184
26892,126.70869778265963
26897,128.60402326021557
26898,128.75917329258317
26902,131.7177897781818
26919,124.59783781377637
26923,120.40195873969274
26928,126.85019378985496
26931,123.46717195297103
26936,126.33847735818658
26937,123.48457902605062
26939,121.42524096246309
26941,121.15983790029344
26942,121.77013661458538
26943,125.50155164286663
26945,124.86219438163711
26953,126.91968135520789
26955,125.30014789843892
26961,128.64291299469596
26969,125.11769428281433
26971,128.11295359427461
26977,128.3712757413904
26980,124.76303490823219
26988,123.71230582031693
26990,126.9399133737278
26992,123.01186417134066
26993,124.35699012865012
27002,125.20567707589818
27003,128.0270113778514
27006,125.79849069539192
27009,124.73694293811006
27012,126.25227222378102
27018,121.86840948510824
27021,130.25246776860848
27024,124.17752471303197
27028,125.65335729098854
27029,128.2345820466796
27035,131.15898232731993
27042,129.1963927861007
27047,125.27960433366299
27053,122.16316325591204
27055,123.25735782345816
27057,132.07168927636002
27058,131.50001180946845
27060,122.19434907784142
27063,126.69658566093455
27066,134.03048242692597
27067,132.19504494868465
27069,125.62369276914472
27073,118.59990284001796
27086,127.05074068439737
27088,123.74863080489904
27090,126.7754701774215
27094,127.28137868439703
27097,125.21960019214181
27099,126.25363008872004
27100,127.62409857621736
27110,127.94178603002705
27115,122.86748180372237
27116,124.95390443417145
27117,125.48193713696355
27121,127.16386025835904
27130,127.35957731869169
27137,124.47160388346022
27141,122.62092650126867
27148,124.23328912006927
27149,128.55296997955193
27150,127.94421529716945
27155,123.65175671187421
27169,123.04710143382582
27181,122.08200069209705
27192,122.17466565438505
27193,126.70569017561428
27195,127.76201828535906
27201,131.72696437080447
27207,124.07163119126116
27209,127.26750184496109
27222,124.72929661008305
27229,124.01916042086641
27235,128.08798762216003
27237,127.11973648922633
27250,131.7436780767439
27252,131.3299545074069
27258,125.09019332951537
27262,124.51177810911646
27263,123.69563419296166
27264,126.22570172726205
27268,126.2557209876086
27279,126.480563292723
27286,120.21431176797363
27287,119.96134210500972
27296,133.5420070781768
27302,119.67476776218155
27304,134.23425441804042
27311,124.55729419523018
27312,130.20946312668266
27313,121.58848222651946
27314,126.73903466873107
27319,127.42130139888586
27321,128.49249382063854
27325,123.60897163578684
27335,128.30298452931777
27339,124.81137512717798
27340,125.5791561681997
27347,129.06427962141922
27357,124.76920596714415
27358,128.3197463543902
27359,126.45794681129367
27361,126.41036932622721
27362,117.43914921111438
27367,122.47995920846644
27368,126.77790067378844
27373,126.66039727676831
27381,121.88700626310195
27382,127.23068608103112
27396,121.52719298702002
27398,127.00595261477716
27399,122.54115254267049
27405,126.31183708654764
27408,126.74040943756829
27409,126.01197819099389
27410,129.89830451485818
27416,124.3215262050116
27419,131.5682306988262
27420,124.39069807179116
27422,123.91109884040418
27424,126.11765259023994
27426,128.78965434418407
27428,126.29512260522792
27430,111.25160748130673
27433,126.58234680254371
27434,126.62997517436612
27437,126.46909143203672
27442,125.11533209321222
27449,121.96235146690039
27450,123.2787038506867
27452,124.61176795245096
27460,126.7574101459169
27462,121.97181648381837
27467,126.68403525918417
27469,123.22645419608132
27472,126.89945500796351
27473,123.25720310292839
27490,126.18139457267698
27494,125.66260133381857
27495,127.4043637932199
27502,124.68997223447518
27507,122.63281314543944
27510,126.47356589264734
27514,128.354865977735
27519,126.92944713377764
27520,122.03875487640403
27527,126.47139713618806
27528,123.96667568609271
27533,125.68583052913725
27537,126.04832922020864
27541,128.8649831710211
27542,125.98412525709867
27548,120.32255176861837
27559,126.67686415604487
27561,122.5307352595158
27563,122.3705590432529
27571,133.71000596957717
27573,127.28639350274051
27574,127.27267584595445
27576,124.89803845384934
27577,128.61874056731992
27578,126.66062047937845
27580,127.38316560424289
27582,128.96105545575372
27588,127.10659988177797
27589,122.93578690789333
27608,125.53739150667953
27611,125.26300883349955
27614,125.99143109668327
27618,129.34688668616073
27620,125.92509430762011
27623,119.12874536365415
27624,125.97256455579708
27625,124.80421008928533
27632,127.53966200977477
27633,124.34006077061801
27634,126.1331904478442
27635,126.4035384469746
27636,123.50301503509064
27637,129.4694609670702
27642,126.18823516912086
27646,127.22775843810868
27654,124.77958320433731
27660,126.05419647866955
27661,124.79846216610909
27668,128.49594168645817
27670,124.66947225775688
27671,125.84228625616626
27672,124.56542923203968
27675,127.98483669679055
27680,124.36264552586029
27686,128.5417961625139
27687,124.41515355768017
27693,125.40256984021842
27698,121.8497329933853
27708,127.1460295677391
27711,124.79592716969739
27714,121.81001439329835
27720,122.49515791089846
27723,126.20144112468508
27724,124.83666752829726
27732,123.456611989234
27735,121.45030867931395
27744,127.75266953080916
27746,127.81120995864937
27747,127.57943622300394
27748,128.4982358752005
27749,122.84720508688923
27752,125.98609500124437
27756,124.36021610959816
27762,126.48535383890393
27763,131.73804271881292
27767,126.87011062385082
27773,128.67733072227088
27774,124.48786864820788
27777,123.99700740980356
27780,121.86207602898284
27781,128.68708236355164
27786,126.50920407940673
27792,128.74218849714129
27794,125.6852271933996
27797,128.86082173671474
27800,123.38526485570601
27804,127.29092777115234
27805,125.74236843312273
27806,122.96114692729897
27809,125.73164411741155
27814,126.14492466432829
27826,123.16236962264124
27828,125.70616769087863
27832,123.9793822369799
27833,128.0389500122424
27834,128.86088638470446
27835,117.69335073454144
27836,122.64793817496178
27838,126.81038491109494
27844,124.09114586457407
27850,120.85100807757229
27852,125.87857577538763
27857,124.24890790540465
27866,127.00909669273994
27868,125.67696006194075
27869,123.29589832093895
27878,128.87750396628365
27885,129.30686120198672
27886,127.09753091950918
27887,129.56524334525284
27896,124.77151677516692
27910,125.9147108212602
27912,120.00696371408687
27924,128.00242926658123
27927,122.44318051205411
27928,127.72228881679337
27930,124.80056717616336
27933,127.4022749836247
27939,124.6400084207398
27943,123.00793221697724
27946,126.18880854447828
27952,126.73743038489344
27955,126.46205300606395
27956,124.21636413669296
27960,127.31582682090495
27962,125.88486976198858
27963,124.9890233434438
27970,127.18399311720866
27977,123.69425928238374
27984,128.67789587991908
28501,123.80346365416021
28505,127.4166605088717
28508,129.3126913370294
28510,124.15392067215797
28513,123.92015627219261
28514,122.28882888011125
28519,123.89122570019903
28528,129.16139606650174
28529,126.6730644317587
28539,123.33831787194707
28542,119.01917889654388
28543,124.36813071589815
28547,125.23661237766862
28548,125.92017970979373
28551,125.95699201229971
28557,127.55079525667038
28559,125.34332728023723
28578,124.79991517302597
28583,124.54120569361244
28586,127.1594075473957
28592,126.81089692870299
28599,126.63672722640098
28602,127.45240046151731
28606,123.9725691168016
28608,122.71807951838642
28610,128.31130853854432
28611,123.07689191038521
28613,125.04147112383265
28615,123.99831284162651
28619,125.32352420662467
28620,129.90840105545882
28624,123.69286272818923
28626,126.72947972995928
28632,125.45722785144861
28635,126.95594986151418
28638,125.91139124838251
28642,125.06161717989384
28643,124.78305000600882
28644,124.88903006796875
28650,127.41756484052931
28667,126.07605012584521
28671,125.28536388182413
28672,124.17315210973958
28674,124.40931238710375
28676,125.2959255700068
28681,125.98360421765186
28685,126.79129181671881
28688,125.28717024478037
28691,128.19969358743617
28692,123.34154856558268
28699,124.74991288338533
28705,128.5686748027176
28707,119.31884461531683
28711,121.86719233282538
28712,123.98643834839964
28715,122.96288693442217
28716,124.10529681421765
28725,123.78723178310878
28726,126.12783961611368
28727,4.096323822252426
28731,126.7235171336272
28733,124.29447701784281
28736,125.34536516488507
28738,126.21121533685286
28745,124.611118590283
28750,122.91698475828684
28760,120.8847955422944
28761,127.45275134477738
28762,121.75798015852853
28773,126.7779361081926
28777,123.91239761620108
28778,120.7361479192955
28779,124.90842375155374
28782,140.8568028669687
28784,125.51927014889027
28786,124.87245282730785
28795,128.18497629039985
28799,126.4500715892154
28800,124.2342373883824
28801,127.55499523046053
28809,129.1444770137297
28834,124.32749784321021
28842,129.57768004122215
28843,126.16241214330235
28848,127.42832018344377
28850,126.76674565331547
28858,125.33161303198322
28868,126.8690602390157
28871,123.5245531741802
28882,127.28810681344802
28883,121.08939411582617
28900,123.4465399672559
28909,122.47724326626142
28910,127.29077786769815
28918,124.26159043393807
28922,124.68731377440858
28925,125.05454353286702
28926,126.99886071915293
28934,122.30800004892038
28939,122.69786153666324
28942,124.39757292603193
28948,120.48121158875855
28956,126.89042542068665
28959,128.51448337589932
28967,129.76633307984991
28969,124.70694830935885
28971,123.66920352903912
28972,125.44455351441121
28985,126.05771631472257
28989,122.42080334503375
29002,125.33849459806001
29006,121.94212659401485
29007,128.27183858895924
29010,125.05360183282272
29013,126.77749910951478
29016,126.83212618371913
29018,127.30973483089143
29022,127.48511033450498
29024,124.32305741842494
29027,126.09060628017062
29031,121.6122418553641
29032,125.36621786933242
29036,125.33464668668795
29046,124.93793286249127
29049,123.99402957020916
29051,123.78843205225924
29053,120.24726510692535
29055,128.63322594671376
29056,126.6547371161098
29058,127.17590519763158
29059,124.49875776872973
29061,129.52734198042376
29067,124.50301981516832
29070,124.8813314352596
29071,125.67343270963849
29076,127.24060195962689
29097,127.96044570779391
29108,125.19027027282534
29109,129.86097965156463
29110,128.69447902716644
29117,128.52979701394352
29120,124.4465873932419
29132,124.51166103689373
29143,122.64802772674521
29148,126.184052319602
29154,122.23245613321028
29158,127.07669444817124
29159,122.77270898064849
29161,127.22605811684845
29162,127.51870545159318
29164,126.02104428286643
29165,125.86715488410256
29167,126.71307573858134
29168,130.37668531084154
29176,123.64862645906176
29182,130.64805880893616
29184,125.24818087338996
29189,128.65292073273264
29191,124.58436849819536
29192,127.28792500595952
29193,119.48773744748988
29203,128.33541744538346
29207,125.55440533341135
29216,124.98895436321868
29217,121.70420710747953
29225,125.22368625911083
29226,123.64864923005746
29230,124.70165940090199
29233,123.35660768818322
29237,123.42353728906942
29242,126.48207450562441
29244,121.13704290736982
29245,123.85457825367125
29246,123.01688858451259
29247,123.3811273428347
29248,124.29668918794953
29250,122.85885278055378
29252,123.05132157830056
29253,127.44607919266538
29256,123.10272879578214
29258,126.97612280710379
29268,128.0006845898491
29270,125.01377275071283
29278,126.59004164586798
29279,122.41609585242622
29285,126.83628237097925
29287,124.34204456478794
29291,121.80362686682318
29295,124.58946449471189
29301,125.32675168927486
29304,122.40095495716703
29305,128.54788923267247
29306,121.59343793685386
29312,125.67363339637201
29314,129.86607612288785
29315,125.1072417575149
29321,127.29703660406467
29326,124.78390583446122
29327,124.50866736379938
29333,128.16566278448883
29343,124.84337887854457
29347,125.7682134466651
29350,125.40266458409302
29363,123.32951210717447
29367,129.5743431046311
29371,122.45049586651194
29372,124.77938773362258
29376,124.70290019797544
29383,127.23474489510662
29384,126.66742619876489
29385,127.12711502233567
29386,130.47310125332504
29395,129.42935166683722
29399,124.2164009589365
29401,125.55820829475479
29403,215.141805530072
29404,129.88678596624078
29407,125.78211441456395
29409,116.95709751834258
29410,123.04502379367659
29413,127.65436960662636
29418,124.94286528925215
29424,124.5207636896198
29430,126.10461003013677
29436,127.68810177304348
29440,122.99483727780424
29442,115.09464370220137
29446,124.97223612284877
29448,129.01028459880004
29450,124.46898255070222
29451,124.60871589216708
29453,123.31194149470463
29459,121.64536049236692
29461,126.49955474328262
29465,122.63481733232284
29467,127.23196149504312
29474,130.53597548031175
29477,123.91674697876158
29478,132.99564464422477
29480,122.6933438924489
29482,121.46328754538844
29483,123.68577136422849
29488,121.86055250022504
29490,129.70260935744363
29492,123.33625662063926
29500,128.07853738451834
29503,128.49101229864112
29504,124.17396804649874
29506,125.72033458167935
29510,132.84848210608195
29512,127.24059593797148
29515,128.75299879123182
29518,124.43269420874012
29520,126.87391944775062
29524,125.70858235124571
29531,125.9562997557725
29532,129.3456735362603
29533,122.58908443528176
29534,126.20638476117014
29535,125.96551929239862
29536,124.86688529884967
29542,124.35703157671327
29545,126.04717774806339
29547,125.66417602932827
29564,124.27351950037377
29568,121.06814190595938
29573,123.83667100478137
29574,126.86162363907289
29576,128.45652836047316
29578,122.88186168703747
29580,127.00903372063786
29583,130.39287143647005
29585,126.80922023207907
29587,127.45687074786801
29590,116.90694966422396
29592,126.16086388390114
29608,128.14243015354478
29610,124.7711988551643
29611,127.19682808629933
29612,125.8787095250672
29614,133.78363239630343
29617,120.21587395578928
29620,123.38367412931517
29636,126.68621099866417
29637,129.93054059473047
29638,121.99633080006062
29645,126.30776573294996
29647,125.26942907681094
29648,127.13682285304643
29655,124.6550633436171
29656,121.40457744761741
29657,131.11766964827265
29660,124.57671801370485
29664,123.61139367906263
29670,125.34929117641036
29672,124.14940803543031
29673,125.40088535324443
29676,123.58643736877588
29682,121.62826124444946
29683,125.46173455222898
29690,125.80928556538687
29691,129.64281661468905
29694,125.6399329739867
29698,125.77348669369653
29706,123.28127077648593
29712,127.50933630859782
29715,125.78830042935712
29731,133.75248879442148
29732,135.9154183802551
29738,128.7504132769754
29743,131.49506555701092
29746,123.87830152248753
29749,126.49294654514246
29754,126.94969281905031
29758,129.14472572837974
29759,128.90967141543177
29760,123.8036713031743
29763,124.62130175341495
29766,123.2270027372092
29767,123.30785517593556
29771,127.91941362454615
29774,122.90350061166214
29781,123.63576747285762
29782,130.27175094198395
29786,126.02092450804683
29796,122.65938189640643
29797,125.08312462932201
29798,123.36685922917472
29799,126.43811098057816
29801,126.47394160696632
29806,127.3990024021566
29808,130.90608890533386
29812,126.25504752958335
29818,125.70402039567449
29823,128.41163626756563
29835,125.34667586297718
29837,126.56626692551072
29842,128.59102170492687
29845,124.45552112274203
29846,122.5861989028527
29847,127.35865894016452
29850,130.2652424144673
29852,129.9638589895804
29858,124.80483962471487
29860,130.39458832376397
29861,126.09615789845638
29862,124.36028054367863
29869,125.50143556764702
29874,124.41521523736554
29876,123.4671406492032
29886,126.83182011917384
29887,124.18435363578426
29890,117.83081968839102
29893,127.7923699396006
29897,126.21437296471741
29901,125.00170173288274
29917,125.65829202296739
29918,126.93242120827335
29919,128.49828642481668
29929,121.69105248236747
29932,120.25544870220877
29935,125.24391190771529
29936,128.2493903191707
29947,128.302669564771
29949,129.0526834297994
29950,126.97292056682011
29952,128.71517163937668
29953,131.4096247074609
29954,123.59372154938015
29957,127.94343610336789
29959,125.17824216455833
29964,127.36015379136045
29970,125.18100942078308
29971,124.83439987725974
29972,123.2585363184969
29975,127.5782202278542
29979,128.2461099536569
29980,128.84527857734608
29981,126.4807911840355
29984,129.2748682320639
29986,121.8836303848772
29989,125.07205469146854
29992,128.3582619519333
29997,125.85048893602463
29999,124.65146980007528
